Video_Content,Published_Date,Video_Length,Liked_Count,Comment_Count,Shared_Count,Product_Count,Video_URL
等我找个方法染出梦想中的碎花裙#vlog日常 #水之蔻,2023-03-03 19:30:27,2分32秒,882909,8990,25618,,https://www.douyin.com/share/video/7205927807011048738?
终于鼓起勇气去烫了自己心心念念的卷发  结果是可想而知的 ～#新农人计划2023  #乡村守护人 @KONO精选,2023-02-25 15:38:06,4分59秒,639892,40874,20029,,https://www.douyin.com/share/video/7203939757276024101?
当然适合各种腿型啦#休闲裤 #显高显瘦显腿长 #男女同款 #夏季穿搭,2023-03-27 10:07:13,15秒,455123,11403,55379,,https://www.douyin.com/share/video/7215041762660846888?
姐妹们帮我看一下“虚拟服装”到底是不是智商税？#小鱼海棠,2023-03-06 16:20:38,4分55秒,444589,14722,29927,,https://www.douyin.com/share/video/7207334662430051642?
对方与你发起了美食共享，往后鱼生，芥末是你，酱油还是你。#来驾啊  @KONO官方旗舰店,2023-03-13 11:30:04,4分18秒,444577,11513,46683,,https://www.douyin.com/share/video/7209847795329584445?
你们当时染过挂耳染嘛#vlog日常 #薇婷 #抖音电商超级品牌日,2023-03-11 18:48:06,1分33秒,409981,4372,8626,,https://www.douyin.com/share/video/7209223248091909428?
几十块祛痘不留痕，毫不夸张称之为祛痘大拿！#祛痘 #痘肌必备好物,2023-02-28 15:00:05,1分43秒,326365,31919,81803,,https://www.douyin.com/share/video/7205050278582783269?
心里有了良人，眼里皆是路人；心动是本能，而忠诚是选择。#海之秘,2023-03-29 19:00:19,3分23秒,311421,16749,89721,,https://www.douyin.com/share/video/7215814625885981952?
一段感情长久的秘诀就是，女生三观正，男生恋爱脑。#薇婷 #抖音电商超级品牌日,2023-03-09 19:30:57,5分35秒,284291,17999,31818,,https://www.douyin.com/share/video/7207449589950024999?
女为悦己者容，无论如何爱自己多一点吧@KONO官方旗舰店,2023-04-07 15:45:04,4分58秒,280190,3677,9702,,https://www.douyin.com/share/video/7219106037528300857?
理发师让程序员变练习生？#清扬防脱#清扬男士,2023-03-06 21:00:16,2分45秒,248102,11678,20747,,https://www.douyin.com/share/video/7207406208796364065?
"猕猴桃女孩集合！为啥头发不能像体毛这么争气？！#薇婷 
 #抖音电商超级品牌日",2023-03-09 16:30:22,1分24秒,243037,7699,16826,,https://www.douyin.com/share/video/7208384123826687269?
好久没穿旗袍了 你们来点评一下吧 @WIS星品   #春季新品必买清单,2023-03-24 19:00:40,3分39秒,235945,3917,3748,,https://www.douyin.com/share/video/7214022066515889465?
一种不讲道理的自我感动#妮维雅,2023-03-07 23:46:40,2分8秒,224617,1699,9076,,https://www.douyin.com/share/video/7207819848766852387?
森系甜美的小裙子谁能拒绝啊！上身甜美又减龄！搭双小白鞋就超哇塞！#谁穿谁好看 #神仙裙子 #ootd穿搭 #又到穿裙子的季节了 #甜系女孩,2023-03-25 11:39:59,9秒,223266,35380,55776,,https://www.douyin.com/share/video/7214323534980467972?
视频中相关内容在@德佑官方旗舰店直播中，有些东西真的就是之前无感用上一下真香了#vlog日常 #开箱#德佑爱干净联盟 #龚俊德佑品牌代言人,2023-03-07 20:00:05,3分10秒,223096,3817,4545,,https://www.douyin.com/share/video/7207757432443948340?
今天实现了一下小夹子自由#vlog日常 @墨雪旗舰店,2023-03-19 20:00:07,2分6秒,209467,29055,16926,,https://www.douyin.com/share/video/7212202553390484776?
石英砂好适合画蝴蝶#vlog日常 #肌理画,2023-03-21 18:17:46,1分45秒,204767,2101,4912,,https://www.douyin.com/share/video/7212931834152373544?
请务必和察觉到你情绪的人在一起，忽略你情绪的人，一千一万个不爱你。#粉底液种草 #好物分享 #爱用物,2023-03-05 19:30:27,5分13秒,184608,7528,42300,,https://www.douyin.com/share/video/7205606918260329765?
"4步get上镜妈生感
有手就会的淡颜系假睫毛
#假睫毛 #心愿先生 #懒人太阳花",2023-04-02 18:00:00,18秒,180613,6783,35256,,https://www.douyin.com/share/video/7217058480228732219?
今晚可以称之为放纵的夜晚,2023-03-31 20:16:22,2分50秒,172769,3675,10087,,https://www.douyin.com/share/video/7216676173554715961?
每个人的起点都是不一样的，我们只要比昨天的自己进步就可以了#不怕晒晒不怕 #美肤宝防晒 #美肤宝小粉管,2023-03-11 17:00:35,5分3秒,172385,3080,2671,,https://www.douyin.com/share/video/7208897753882168635?
在腾格里沙漠守了一晚终于拍到漫天星河流星，希望刷到这条视频的你幸福接好运! @WIS星品  #春季新品必买清单,2023-03-18 17:45:42,1分58秒,171227,3268,2866,,https://www.douyin.com/share/video/7211495986487643449?
素人大改造！每个女孩子都应该真正的做一回自己的公主！#小鱼海棠,2023-03-07 17:58:29,4分57秒,168013,4219,4871,,https://www.douyin.com/share/video/7207721487036337467?
别老盯着小金瓶，它家白管更通勤#骆王宇好物day,2023-04-16 21:44:28,3分15秒,161850,6183,9863,,https://www.douyin.com/share/video/7222626313981480253?
今日运动量已达标,2023-03-19 19:01:28,2分6秒,157084,5387,9721,,https://www.douyin.com/share/video/7212201531309919543?
为什么一定要听90后的话｜放眼全球，90后中学时的文艺表演都是最炸裂的…,2023-03-26 17:34:27,1分14秒,154682,2069,2866,,https://www.douyin.com/share/video/7214714027392503044?
用了几年的磨砂膏我要狠狠夸完狠狠磕！两大罐不过百！嘻嘻嘻滑溜溜～#磨砂膏,2023-03-11 18:00:14,1分35秒,148977,2954,7592,,https://www.douyin.com/share/video/7208860019268291896?
又隐形，又很难撕下来的这个#双眼皮贴 ，真的很心动！#好物分享 #unny,2023-03-08 21:45:34,39秒,141516,8200,63517,,https://www.douyin.com/share/video/7208171149455330612?
浅做一次金粉世家女主叭#沉浸式化妆 #纪梵希四宫格散粉,2023-02-22 17:00:21,3分16秒,141497,2252,2685,,https://www.douyin.com/share/video/7202815634281860391?
江湖救急！快帮我找到适合我的穿衣风格！#小鱼海棠,2023-04-10 20:43:24,4分53秒,140433,9142,3851,,https://www.douyin.com/share/video/7220371937514573111?
一日不“打” 如隔三秋#内容过于真实 #赖言赖语 #潘婷三分钟奇迹护发素 #3分钟就ok,2023-04-04 21:21:01,1分51秒,138122,1808,6461,,https://www.douyin.com/share/video/7218158763163782456?
昨晚逛了好久夜市买的 哪一件好看呀😄#三亚,2023-03-08 18:37:30,2分22秒,133359,12170,3188,,https://www.douyin.com/share/video/7208122682133548347?
艺术来源于生活 @KONO官方旗舰店,2023-04-15 17:00:55,2分10秒,128011,5904,61622,,https://www.douyin.com/share/video/7222148791636397364?
为什么说在学校没见过我？！#欧莱雅小银管防晒 #油皮防晒#防晒霜,2023-03-18 17:00:27,1分34秒,127643,947,3878,,https://www.douyin.com/share/video/7211515587518942479?
"这东西放在<span style=""color:#face15;"">时尚</span>圈不得相当炸裂诶 直接秒变甜酷辣妹 #眼影贴 #美出高级感 #种草",2023-02-25 11:16:53,16秒,125054,35339,110695,,https://www.douyin.com/share/video/7203927182475922744?
总有爱意，为你斩断一切顾虑@KONO官方旗舰店,2023-03-26 19:30:49,4分58秒,124200,2770,9220,,https://www.douyin.com/share/video/7214369381546020134?
别管！今天太嫩了！请公屏上打“莓子妹妹”#口红试色#嘟嘟唇#女大学生#希思黎红#魅惑水钻光唇膏,2023-03-08 17:00:18,2分24秒,123564,791,1240,,https://www.douyin.com/share/video/7208021045897350412?
你们闺蜜见面5分钟～就能聊20个人的八卦么？#sk2小灯泡 #抖音电商会员日,2023-02-25 23:06:04,2分4秒,122658,1300,1502,,https://www.douyin.com/share/video/7204021502310714635?
哪有什么突然的不爱了，只不过是他不想要你了。,2023-04-14 20:08:07,4分48秒,122084,3926,8310,,https://www.douyin.com/share/video/7221846158228999482?
和kpop风格的闺蜜互换风格，结果就是人生中第一次尝试烟熏妆#妆容 #互换风格 #芙丽芳丝净润洗面霜,2023-02-28 18:01:25,2小时24分13秒,121179,811,1404,,https://www.douyin.com/share/video/7205112353396985145?
最尬的事就是给人解释一个笑话 #潘婷深水泡弹发膜 #闻香季2,2023-04-18 17:20:50,1分53秒,120990,1692,2859,,https://www.douyin.com/share/video/7223266918264753448?
我kkkk…要不是亲眼所见，不敢相信这价位的遛弯裤这么绝！！！#遛弯裤 #懂事的姐妹已经开始艾特了,2023-03-11 20:15:00,10秒,120829,38262,99102,,https://www.douyin.com/share/video/7209261067422190900?
请大数据推给毛孔粗大有黑头的油痘肌姐妹！这个安酸绿泥膜真的太好用啦！#蒂佳婷安酸绿泥膜#油痘肌#蒂佳婷安酸瓶,2023-02-24 17:01:19,1分30秒,118332,1645,4835,,https://www.douyin.com/share/video/7203584339920178489?
年龄不是决定我们状态的数字，阅历的沉淀恰好丰富着整个人生！#陈彦妃的vlog #希思黎全能乳液,2023-03-05 17:00:05,3分5秒,116714,5119,1039,,https://www.douyin.com/share/video/7206956024467672378?
女生的袜子来啦！天气热了就需要这种袜子！#袜子 #女袜 #很哇塞的袜子,2023-02-25 17:35:10,19秒,114787,2804,13810,,https://www.douyin.com/share/video/7204024673808469287?
全世界都想要你懂事，但爱你的人只想给你所有的偏爱。,2023-03-16 20:02:08,4分57秒,113651,3121,4829,,https://www.douyin.com/share/video/7211077337889164556?
方圆脸女孩也能拍这个“仰拍广角樱花照”啦#拍照 #养发 #洗发水 #樱花拍照,2023-03-22 18:00:36,1分32秒,112626,4572,14006,,https://www.douyin.com/share/video/7212894599457590588?
姐妹们一定要贴这个纯野小恶魔懒人三部曲2.0#眼妆 #美妆 #平价彩妆 #懒人必备 #三部曲,2023-03-10 10:22:13,13秒,112250,4892,11096,,https://www.douyin.com/share/video/7208737203856444724?
没想到这个香氛身体乳被柜姐配了这个价位的香水！！#丝芙格芮,2023-02-28 12:00:22,2分12秒,111881,2000,3163,,https://www.douyin.com/share/video/7203206404537126155?
我们各有过去，但共有未来，相爱时都想一辈子，但迁就才能一辈子。@KONO精选,2023-04-09 10:00:10,4分59秒,111590,1918,2967,,https://www.douyin.com/share/video/7218617679853129016?
#二代棉底钢丝短袜 #透气舒适不臭脚 #不起球不勾丝 #好穿又好搭 #爆款热卖中 @DOU+小助手 @巨量千川,2023-02-28 05:06:51,7秒,111103,2608,11269,,https://www.douyin.com/share/video/7204945057214926119?
带着本命防晒来三亚从来不带怕的，快乐碎片#三亚 #unny防晒霜,2023-04-05 17:00:34,2分28秒,110858,1499,6041,,https://www.douyin.com/share/video/7218435744333843727?
这个夏天，这条适合学生党闭眼入的口粮实战球裤，你还在犹豫什么？#服饰种草官 #短裤推荐 #夏日必备,2023-03-24 19:15:51,1分2秒,110789,1626,2545,,https://www.douyin.com/share/video/7214069919661477131?
每个女孩子骨子里都是温柔的，如果有一天变得暴躁了，可能是环境改变了她#墨雪洗发水  @墨雪旗舰店,2023-04-15 15:45:20,4分58秒,110209,1671,6603,,https://www.douyin.com/share/video/7222126716725120317?
换季敏敏怎么办？别怕，先把洗面奶选对！#洁面 #换季护肤 #妮维雅油敏肌洗面奶,2023-02-25 18:00:44,3小时2分50秒,107668,1288,4382,,https://www.douyin.com/share/video/7203764371078565157?
小众冷门宝藏，打造小v脸的秘籍，提拉绝佳，拒绝发腮！#DXV小脸面膜   #抗老  #千人大小脸挑战,2023-03-30 18:00:33,2分55秒,107634,2614,1894,,https://www.douyin.com/share/video/7216138743856631077?
为春夏穿搭融入新的灵感，和我一起做果味鬼马女孩吧︎~#斯凯奇水果熊 #果味摇摆鬼马出彩,2023-03-13 12:01:01,30秒,107107,1283,3383,,https://www.douyin.com/share/video/7209182476508482848?
今天想去剪一个显脸小的刘海儿,2023-04-08 18:54:42,2分43秒,106162,2999,3179,,https://www.douyin.com/share/video/7219620240332705081?
跑步不流面汤的散粉被我找到了！#四宫格散粉#定妆,2023-02-23 12:00:43,2分13秒,105855,744,1147,,https://www.douyin.com/share/video/7202521743984954636?
头发一天不洗就出油？选对洗发水很重要！专为国人研发的茶多酚洗发水，您一定得试试！@墨雪旗舰店#洗发水#好物分享,2023-03-07 19:00:11,1分40秒,105802,3008,7692,,https://www.douyin.com/share/video/7207696473583095100?
啊啊啊啊 这条运动裤真的好适合梨形身材呀#百搭神裤 #显高显瘦显腿长 #ootd穿搭,2023-03-06 14:17:52,10秒,105296,2238,14961,,https://www.douyin.com/share/video/7207313575227034939?
天热了，今天带俩孩子买春天穿的睡衣，睡衣多得挑花眼。,2023-04-13 09:40:22,3分55秒,104466,3326,1326,,https://www.douyin.com/share/video/7220985296962342148?
“穷”我来解决，头皮问题它来解决！#卡诗#卡诗微米双萃洗发凝露#控油蓬松#控油洗发水 #头皮清洁,2023-03-04 17:00:58,2分22秒,104418,704,1270,,https://www.douyin.com/share/video/7206277055862852902?
干敏皮闭眼买！只要不停产，我愿意再回购10年！#科颜氏高保湿霜 #38必囤 #护肤,2023-02-26 17:01:04,1分9秒,103365,1368,2786,,https://www.douyin.com/share/video/7204032567060811064?
这几天在北京忙里忙外也没给家人们直播，今天抽点时间给大家分享一下这款眼霜，也是我天天自用款的眼霜，经济实惠又好用,2023-03-11 17:39:59,50秒,102642,2600,1174,,https://www.douyin.com/share/video/7209221108439059767?
【正版官方授权】自由之翼吊坠测评，已经被你们买的不限量了，这周末可以发，手慢无，质感确实不一样，收到礼物的艾尔迪亚人都哭了 #撤退的矮人,2023-03-16 14:27:38,29秒,101162,9524,7436,,https://www.douyin.com/share/video/7211026963908087100?
我终于拥有了所有女生都想要的梦中情发#卡诗微米双萃洗发凝露 #头皮清洁 #控油洗发水,2023-02-27 17:00:38,1分56秒,101100,975,1329,,https://www.douyin.com/share/video/7203635140067708160?
辣到我一口气买10件小吊带！这美背难怪被妹妹狂夸！#万宁 #好物推荐 #辣妹 #凡士林身体乳 #凡士林果酸身体乳,2023-04-11 17:00:09,2分5秒,100896,578,681,,https://www.douyin.com/share/video/7220687000020471074?
我妈妈为了“孩子”可真是操碎了心啊....#纽西之谜防晒隔离 #防晒 #我的乡村生活 @王玥,2023-04-19 17:01:04,4分27秒,100285,2390,2218,,https://www.douyin.com/share/video/7223204532430441765?
怪不得闺蜜出门总是能吸引目光，原来是用了这个#身体素颜霜 关键还香香的，女生真的要人手一支！,2023-03-01 17:39:36,48分36秒,100227,49,27032,,https://www.douyin.com/share/video/7205510138353012024?
一件解决你日常穿搭和运动需求的美式国潮，一定要趁热入手！#服饰种草官 #运动穿搭 #美式穿搭,2023-04-06 20:01:24,59秒,99897,1256,3336,,https://www.douyin.com/share/video/7218905783059188996?
视频中相关内容在@海飞丝头皮护理官方号直播中，头油贴头皮的大美女，都给我买这个洗发水，三天都不用洗头！！#海飞丝海藻洗发水 #海飞丝 #蓬松 #洗头 #油头,2023-02-22 20:31:25,1分19秒,99436,2151,5610,,https://www.douyin.com/share/video/7202939973337664771?
春天带宝宝去露营的爸妈们，这一点一定不能忽略！！#艾维诺 #儿童户外 #艾惟诺宝宝防晒霜,2023-03-28 18:02:09,1分20秒,99153,243,928,,https://www.douyin.com/share/video/7215526678389427508?
回国了我就想跟老妈说一句：其实我真的不丑…#amiro觅光射频仪,2023-02-28 12:00:26,2分20秒,99152,1455,834,,https://www.douyin.com/share/video/7204857126903221544?
眼周状态决定精气神，请大数据推给有泪沟的姐妹们！#欧莱雅20眼霜 #熬夜 #眼霜,2023-03-29 21:42:42,1分16秒,98658,230,819,,https://www.douyin.com/share/video/7215952330997370164?
谁懂啊 这可是他亲手打磨出来的戒指项链 #手工diy #恋爱,2023-04-01 11:41:26,17秒,98650,13481,14782,,https://www.douyin.com/share/video/7216921508260744505?
欢迎来到人民币不会骗人民频道！每次用完它家散粉只想把底妆牢牢焊脸上！#定妆 #散粉 #底妆,2023-02-25 12:00:45,1分16秒,98353,397,1129,,https://www.douyin.com/share/video/7201080971716840742?
当他开始频频令你怀疑和不安时，那只是因为他不够在乎了。#蒂洛薇小金瓶防晒,2023-03-29 20:08:36,4分35秒,97931,2085,5176,,https://www.douyin.com/share/video/7215882509450628384?
有的人不是突然态度就变了，只是懒得演了。,2023-04-06 20:02:49,4分59秒,96578,4802,14227,,https://www.douyin.com/share/video/7214844946996546875?
这个回头率相当炸裂！遇到一位女装大佬，女生看完都自愧不如，你心动了么？#凡士林身体乳 #凡士林果酸身体乳 #身体护理,2023-04-08 23:05:10,1分56秒,96392,409,523,,https://www.douyin.com/share/video/7219687680496454971?
被闺蜜安利的这组Cp #壬二酸 #水杨酸 组合给种草了!每天早晚涂一涂整个就爱上了． #拒绝草莓鼻,2023-02-22 18:13:15,15秒,96252,4583,14871,,https://www.douyin.com/share/video/7202921226593897731?
0基础修容教程，巨简单！包教包会！#化妆 #修容教程,2023-03-10 15:00:03,2分48秒,95246,9202,6737,,https://www.douyin.com/share/video/7208794706476551479?
粉饼做到这份上，真的绝了！国货之光！#粉饼 #定妆 #补妆,2023-03-31 17:02:22,3分30秒,95169,10280,6765,,https://www.douyin.com/share/video/7216618220348919099?
秀秀的这套造型姐妹们有机会一定要试试,2023-04-18 20:02:48,2分51秒,94498,2150,5357,,https://www.douyin.com/share/video/7223346032510389559?
分享了三四次的清洁泥膜 真的巨好用！#去黑头 #泥膜推荐,2023-03-20 17:00:39,1分41秒,94345,941,3265,,https://www.douyin.com/share/video/7212176634470763810?
猜猜我去那里拍摄啦～#vlog日常,2023-03-01 17:28:28,1分42秒,93491,1077,3025,,https://www.douyin.com/share/video/7205476442354830632?
家人们，这脱毛膏能处啊！一支管一个夏天！性价比巨高#好物种草 #薇婷 #抖音电商超级品牌日,2023-03-08 17:00:36,1分41秒,92918,3433,13037,,https://www.douyin.com/share/video/7206593545845624101?
不允许我的小姐妹们还没有用过～没有一个废色～真的很绝！#哑光高光 #修容前vs修容后 #修容教程 #平价彩妆,2023-03-05 21:54:30,16秒,92755,1721,6554,,https://www.douyin.com/share/video/7207060198157028669?
不是我们没有戏 是你真有法拉利#溪木源油痘肌新肌愈,2023-03-20 19:31:00,1分20秒,92697,5493,56807,,https://www.douyin.com/share/video/7212087942750260520?
收毛孔意外的好用！万年喇手脸！黑头鼻！终于上岸了（低成本版）#去黑头#清洁 #蒂佳婷安酸绿泥膜 #蒂佳婷安酸瓶,2023-02-27 12:01:00,1分46秒,91999,431,1216,,https://www.douyin.com/share/video/7203727564655840550?
强哥：告诉老默 我想洗头了#蓬松 #高颅顶 #洗发水 #欧莱雅玻尿酸洗发水,2023-03-08 17:00:42,58秒,90636,539,1265,,https://www.douyin.com/share/video/7207990189740789030?
爆火的胡萝卜色#显白 #帆布鞋    #马里奥,2023-03-26 21:32:33,10秒,90384,5610,12638,,https://www.douyin.com/share/video/7214847333173841187?
这件衣服又被称为情侣升温（分手）服……#小鱼海棠,2023-04-05 19:00:51,4分55秒,89101,6641,4783,,https://www.douyin.com/share/video/7218508103120145721?
谁穿谁好看的小裙子我真是太爱了！#大码女装 #显瘦穿搭 #谁穿谁好看 #开春搭配 #服饰种草官,2023-03-15 08:14:53,44秒,88841,10913,13725,,https://www.douyin.com/share/video/7210559804538981666?
朋友说我放弃流行的“网红混血妆” …化“东方骨相妆”贵气感直接杀疯了！#普通人化妆 #方圆脸 #散粉 #玉养紫色蜜粉,2023-03-01 18:00:43,2分23秒,88549,3373,8021,,https://www.douyin.com/share/video/7205455597507038522?
穿成未来媳妇买的衣服去见亲家母。我这样穿好看吗,2023-04-03 06:37:52,2分34秒,88208,6865,753,,https://www.douyin.com/share/video/7217585398304836920?
居家穿可！穿着睡觉可！压马路遛弯穿更可！#懂事的姐妹已经开始艾特了,2023-03-02 18:20:44,15秒,87698,9500,15056,,https://www.douyin.com/share/video/7205891836844543269?
没有天生适合的人，只有慢慢磨合的人@KONO官方旗舰店,2023-04-10 19:58:39,4分59秒,87349,1560,9219,,https://www.douyin.com/share/video/7220315421092695333?
家有一老是我们的福气！奶奶一百岁，给她做个美甲#老外 #国风 #美甲 #海之秘,2023-03-03 19:00:19,1小时6分46秒,86533,1332,466,,https://www.douyin.com/share/video/7206209784608017703?
朋友问我为什么当妈后皮肤变得更好了….#38节买什么 #抖音38女王节 #抗老精华,2023-03-08 15:50:29,2分23秒,85357,500,1584,,https://www.douyin.com/share/video/7208050455644032312?
孕妈妈也能用的防晒有多靠谱？真正实现抗养合一！#新碧小蓝帽 #敏感肌防晒 #物理防晒 #曼秀雷敦防晒,2023-03-28 17:14:23,1分56秒,84932,402,1673,,https://www.douyin.com/share/video/7215504120831118652?
有很多关系都需要用心维系，但只把真心对你的人维护好就行了#墨雪洗发水 @墨雪旗舰店,2023-03-05 17:30:23,3分,84776,2160,1914,,https://www.douyin.com/share/video/7206950826944908605?
毛桃女孩重生之滑溜蜕变！希望毛多的女孩都能刷到！#脱毛 #脱毛膏 #水之蔻,2023-03-03 17:01:10,1分13秒,84106,5276,17203,,https://www.douyin.com/share/video/7205762568319782201?
"一次5毛，实现辣妹自由啦？！#脱毛 #脱毛膏
 #水之蔻脱毛膏真实测评",2023-04-07 19:23:04,1分37秒,84007,2790,4264,,https://www.douyin.com/share/video/7219254378522250553?
熬夜选手倾情分享！这个值得回购的抗老精华很难不爱。#38女王节  #精华,2023-03-03 20:30:44,1分14秒,83703,320,1020,,https://www.douyin.com/share/video/7206277197076745530?
万人都在求的用中国传统色做成的口红，我找到了#试色#口红#花西子小黛纱唇纱#中国传统色,2023-03-02 18:01:15,1分29秒,83388,911,2001,,https://www.douyin.com/share/video/7205792877656558880?
我真的很爱男装夹克冲锋衣谁懂#无性别穿搭#男女同款#外套 分享 ！,2023-02-24 19:15:00,10秒,82470,2407,11668,,https://www.douyin.com/share/video/7203648615989022013?
无法拒绝的直筒牛仔裤，巨遮肉显瘦！版型宽松不挑人，很修饰腿型！#ootd穿搭 #显瘦裤子 #直筒牛仔裤 #好裤推荐,2023-03-10 11:40:24,10秒,82318,6040,14708,,https://www.douyin.com/share/video/7208757349673127201?
当厚本的脸成为世界的审美标准#绝美颜值#柏瑞美防晒粉饼@哈喽小莲花,2023-04-14 18:52:17,2分1秒,82095,4565,7404,,https://www.douyin.com/share/video/7221812639897275659?
和我一起体验苗族少女的一天吧！猜猜这次出门我都带了些什么？#敏感头皮#SLEKPRO大白瓶#SLEKPRO敏感头皮洗发露,2023-03-27 17:00:40,1分56秒,81651,606,604,,https://www.douyin.com/share/video/7214014902237777213?
三步逆天改命，拿捏美女氛围感。#沙宣蓬蓬瓶#高颅顶#抖音电商超级品牌日#38怎么过最尽兴,2023-03-03 17:00:59,1分33秒,81369,590,1171,,https://www.douyin.com/share/video/7202910459421314308?
师傅们别念了，粉膜这次真的回来了,2023-03-24 17:55:25,1分34秒,80940,31657,8239,,https://www.douyin.com/share/video/7213973324626464056?
好奇我的神之眼？呐，给你，喜欢的话要我给你做一个一样的吗？#神之眼,2023-03-30 17:54:51,10秒,80628,4100,3607,,https://www.douyin.com/share/video/7216275539651317003?
敏皮这不就防晒自由了～#测评 #新碧小蓝帽 #物理防晒霜 #敏感肌防晒 #曼秀雷敦防晒,2023-03-17 17:01:14,2分5秒,80455,911,2306,,https://www.douyin.com/share/video/7211357145550327100?
所有的有求必应，不过都来自于在乎你的人，用心的倾听和行动#WIS时光水 #春季新品必买清单 @WIS星品,2023-03-18 19:00:30,3分40秒,80160,1754,7133,,https://www.douyin.com/share/video/7211803126364392719?
一招改善凹陷 自信一整天！抓好关键几步就能快速变成美女#液体高光#骨相#泪沟#法令纹,2023-03-22 20:30:00,1分54秒,80119,913,11240,,https://www.douyin.com/share/video/7213287319023963447?
6点8 一条 琉璃手持手串 #簪娘,2023-03-04 13:29:50,8秒,79674,4441,2987,,https://www.douyin.com/share/video/7206559050702540084?
谁能想到这家伙就算黑都这么帅呢@唐梓Neil #水动力水乳 #碧欧泉男士 #碧欧泉水动力,2023-02-28 00:48:29,1分22秒,79441,2179,4176,,https://www.douyin.com/share/video/7204860617033829643?
平时都是孩子们耍帅 这次妈妈们也来个逆袭 @WIS星品,2023-04-05 17:01:10,1分20秒,78817,1753,2653,,https://www.douyin.com/share/video/7218457624356982031?
拥有一个牙医男友是什么体验？#新一代迪奥锁妆粉底液#双向锁妆不改初色,2023-03-03 18:31:05,6小时29分10秒,78636,1258,6347,,https://www.douyin.com/share/video/7205940804865559865?
BURBERRY，听说你家的风衣很有名？那出粉底液就别怪我不客气咯！#Burberry风衣粉底液 #底妆,2023-03-02 20:28:49,4小时29分34秒,78389,310,1200,,https://www.douyin.com/share/video/7205891320496377145?
补一次妆等于补了一次防晒～二十几就有两个正装大盘！#夏日必备 #定妆,2023-03-23 16:54:15,49秒,78161,4195,12838,,https://www.douyin.com/share/video/7213662350178520360?
今年就流行这样AB双面的抓夹！两面都能戴、中号的不挑发量、大人小孩都能戴#头饰发饰 #抓夹 #发饰,2023-03-13 18:39:51,6秒,77444,2766,12591,,https://www.douyin.com/share/video/7209978708801637672?
谁敢想我花了两位数把“搓澡大姨”请回家？！每天都是又香又滑~#磨砂膏  #未兰磨砂膏,2023-02-23 18:00:26,3小时1分26秒,76952,1413,2705,,https://www.douyin.com/share/video/7202912703327817020?
真牛啊！炸毛被熨平！烫染姐妹给我一人一盒备着！#烫染 #沙宣蛋白护理发膜 #柔顺,2023-03-21 17:00:35,1分26秒,76736,235,1139,,https://www.douyin.com/share/video/7212625920916540672?
妈妈说小时候外婆用的就是片仔癀珍珠霜，很多人都羡慕她的皮肤#片仔癀珍珠霜 #国货之光 #美容护肤养生,2023-04-04 19:22:21,1分4秒,76653,2955,8582,,https://www.douyin.com/share/video/7218153538755530039?
人生建议：奉劝各位女孩子千万别再挤#黑头 啦！小心#毛孔 越来越大！！#毛孔粗大 #痘痘黑头粉刺拜拜 #青春痘,2023-03-05 07:50:44,10秒,76174,3909,5884,,https://www.douyin.com/share/video/7206842718297902395?
快乐的时光总是短暂的 我们下次见～#艾惟诺宝宝防晒霜 #艾维诺 #clubmed#放飞挑战晒,2023-03-26 17:35:38,1分49秒,75963,1734,2471,,https://www.douyin.com/share/video/7214763401392786688?
这是画皮吧？底妆真能跟焊在脸上一样服帖？！#粉底液  #底妆   #仿真肌粉底液  #uodo粉底液真实测评,2023-03-27 20:41:02,1分36秒,75506,2897,7439,,https://www.douyin.com/share/video/7215180636913487164?
三招拍出芭蕾少女照！一刮就掉，不做猕猴桃！#猕猴桃女孩#薇婷 #抖音电商超级品牌日,2023-03-10 17:00:17,1分59秒,75399,444,12725,,https://www.douyin.com/share/video/7207709613783846199?
我可太会找伪素颜口红了！又纯又嫩！  #伪素颜 #干唇好物#护唇精华,2023-03-20 20:18:38,1分19秒,74936,388,1441,,https://www.douyin.com/share/video/7212589079865724198?
痘痘肌来开会了！#雅漾 #雅漾C位精华 #测评 #肆无肌惮清爽不痘留,2023-03-28 20:36:56,1分27秒,73897,2140,3111,,https://www.douyin.com/share/video/7215532154539838779?
无骨袜太好穿啦，软糯软糯的，吸汗透气不闷脚#开春搭配 #谁穿谁好看 #堆堆袜 #月子袜,2023-02-22 19:49:38,22分40秒,73226,597,5273,,https://www.douyin.com/share/video/7202946070521892100?
我介意的时候你没有改，等我不介意了，也是时候离开了。#膜法世家纱布面膜 #水杨酸面膜,2023-03-20 20:02:06,4分30秒,72935,1665,5479,,https://www.douyin.com/share/video/7211472386015677699?
为什么我的眼里常含泪水？因为我对这支卧蚕笔爱的深沉～#卧蚕笔,2023-03-14 19:35:56,2分20秒,72535,1717,5342,,https://www.douyin.com/share/video/7210356547082259771?
两位数的粉底液  油皮哑光持妆不厚重  干皮水光贴服不暗沉 ，一定赢！！#粉底液 #卡姿兰小夜猫粉底液,2023-02-22 20:00:15,3分1秒,72316,12351,4651,,https://www.douyin.com/share/video/7202829121968196920?
你们的大双眼皮儿！就交给素之然来守护！#好物分享 #双眼皮贴,2023-03-07 10:02:23,1分11秒,72276,2008,10763,,https://www.douyin.com/share/video/7207373766853266745?
拥有一位好的爱人，是治愈生活的良药。@WIS官方旗舰店,2023-04-09 19:00:13,3分,72055,2322,8729,,https://www.douyin.com/share/video/7219940445831384360?
闺蜜：这下好了吧#内容过于真实 #万万没想到 #闺蜜 #lena星黛卷 #fyp,2023-03-27 19:00:45,58秒,71922,2512,2170,,https://www.douyin.com/share/video/7215133720611786040?
姐妹们都说我肚子平，偷偷告诉你们我的藏肉神器，轻松收腹提臀，穿上你就脱不下来了，肉肉多的姐妹们再也不用羡慕别人的身材了#收腹裤#收腹提臀裤,2023-03-04 20:51:15,1分10秒,71909,3983,2251,,https://www.douyin.com/share/video/7206672811010575627?
1套29.9元速干冰丝感运动套装、工厂做数据！过两天恢复... 3…#好物推荐🔥 #速干裤 #男女同款,2023-04-01 19:00:35,34秒,71860,5244,4857,,https://www.douyin.com/share/video/7217034669479447863?
每个打球男孩都需要一个专业篮球背包，我说的！#服饰种草官 #篮球装备 #双肩包 #可以才说,2023-02-22 18:56:09,1分26秒,71715,896,926,,https://www.douyin.com/share/video/7202932294598790432?
趁它没溢价！这个国货精华你们一定要整一瓶！#美白 #美白精华 #美肤宝小白瓶 #光果甘草小白瓶 #不怕晒晒不怕,2023-03-04 17:00:58,1分34秒,71692,393,815,,https://www.douyin.com/share/video/7206291616791842088?
我又带着伪素颜三件套来咯！早八党快来集合✨ #无滤镜试色    #学生党平价彩妆推荐    #花洛莉亚   #柳丝木隔离   #foreverkey腮红  @DOU+上热门  @D……版本过低，升级后可展示全部信息,2023-03-11 22:55:10,39秒,71260,2805,4173,,https://www.douyin.com/share/video/7209302326631255331?
元元恢复正常啦，老公满心欢喜，越来越好的路上，姐妹们有了这个小鸡腿精华，再也不怕皮肤干了，每天晚上一粒，一盒里面30颗才9块9#精华液,2023-03-03 10:33:14,10秒,71159,1786,1400,,https://www.douyin.com/share/video/7206142443710975266?
8.8 两只 花花流苏发夹 #簪娘,2023-03-27 22:42:35,9秒,70955,4520,5623,,https://www.douyin.com/share/video/7215236446431497512?
几十块的防晒搞这么大支这么厉害，我预言它只会落得卖断货的下场！#防晒 #夏天 #测评 #妮维雅摇摇乐 #妮维雅防晒,2023-03-20 18:54:30,1分43秒,70892,503,1146,,https://www.douyin.com/share/video/7212565394589011259?
#自用好物分享 感谢大家支持，路遥知马力 日久见人心，友情岁月，我们来日方长！,2023-03-29 15:00:17,2分43秒,70634,3603,1228,,https://www.douyin.com/share/video/7215859459443281185?
#泡泡熊唇釉 9.9任选2支!冲鸭! #防水不沾杯不易掉色 #学生党宿舍平价好物推荐,2023-03-06 16:22:51,10秒,70622,4034,4750,,https://www.douyin.com/share/video/7207345802132327715?
视频中相关内容在@海飞丝头皮护理官方号直播中，油扁塌终结者！弱酸温和还自带高颅顶也太香了吧！#海飞丝海藻洗发水 #海飞丝,2023-02-22 17:00:27,1分17秒,70334,769,2092,,https://www.douyin.com/share/video/7202836972614847803?
就这头发不得值个20万？@墨雪旗舰店 #哑巴新娘#洗发水推荐#墨雪洗发水,2023-03-04 17:01:06,1分21秒,70046,1548,1500,,https://www.douyin.com/share/video/7206386806537850149?
真的会有人为了测粉底液这么狠的吗？#卡姿兰小夜猫,2023-03-29 18:06:31,1分28秒,69734,459,642,,https://www.douyin.com/share/video/7215884918591737143?
贴上就消失的 #双眼皮贴 桃又野你是懂魔法的 #隐形双眼皮贴 #好东西一起分享 #秒变大眼睛 #原相机,2023-03-22 17:37:01,22秒,69437,2057,18986,,https://www.douyin.com/share/video/7213302117837049103?
油敏皮选对洁面很重要，油敏皮的兄弟姐妹们，答应我不要走弯路！用了它再也不想换洗面奶！#护肤 #妮维雅油敏肌洁面 #情侣 #敏感肌洗面奶 #油敏肌洗面奶,2023-03-05 12:00:18,1分17秒,69070,308,794,,https://www.douyin.com/share/video/7206552606255222068?
#蜜蜡脱毛 #专业男士理发馆 #这家店回头客超多  继宁夏大哥之后，又来了一位来自“南京”的哥哥！,2023-03-18 18:55:40,1分14秒,68719,39640,324446,,https://www.douyin.com/share/video/7211838211813952827?
心思猜对了恋爱谈起来果然轻松#妮维雅双管身体精华 #情侣日常 #内容过于真实 #潜台词,2023-03-04 18:01:10,1分56秒,68636,375,2897,,https://www.douyin.com/share/video/7206580702534552889?
这个鸡窝头也太适合发量少的姐妹了，随手一夹发量翻倍，姐妹们快来get同款呀#头饰发饰,2023-03-17 10:49:29,8秒,68475,197070,204963,,https://www.douyin.com/share/video/7211341821987867956?
命运让我有幸嫁给最爱的人，却也是我不幸的开始……,2023-02-28 20:08:53,3分,68413,659,1260,,https://www.douyin.com/share/video/7205161065297087776?
酷欸 谁能拒绝奥特曼啊 #短袖t恤 #炫酷 #帅就完事了 #你相信光吗,2023-04-05 21:22:12,8秒,68130,36056,106635,,https://www.douyin.com/share/video/7218555514601475385?
#6件套耳钉 喜欢的抓紧入手吧,2023-03-15 10:58:50,11秒,67990,2674,10031,,https://www.douyin.com/share/video/7210601985341525307?
前面的油腻男不认识，赶紧OFF；后面的心动男孩才是本人，速速ON#迪奥睡莲洁面 #少年感,2023-02-28 18:00:41,1分49秒,67101,964,3063,,https://www.douyin.com/share/video/7204825459454922016?
用过那么多修护面膜，还是这个香！急救灭火它是认真的！#理肤泉B5面膜 #修护 #烂脸 @理肤泉,2023-03-27 17:00:55,1分22秒,66658,264,122,,https://www.douyin.com/share/video/7215089249698336057?
夏天马上来了，有鸡皮肤的宝子，花9块9是试试它，亲测管用！#鸡皮肤#好物推荐🔥 #科普 #护肤 #国货之光,2023-04-02 19:28:20,20秒,66303,2096,5928,,https://www.douyin.com/share/video/7217412908865588535?
白月光般好闻～淡淡的玫瑰香！！#平价小众香水推荐 #香水 #斩男香 #平价好物,2023-03-31 17:05:09,13秒,66236,6311,3057,,https://www.douyin.com/share/video/7216633845632765242?
不枉费我飞一千多公里，海边陆冲的快乐谁懂啊#陆冲#海边#防晒#运动防晒,2023-04-18 18:22:27,1分28秒,66001,377,284,,https://www.douyin.com/share/video/7223320962740079875?
黑黄红不见了？学生党也能百元变白的实力派。#美肤宝小白瓶 #变白 #平价精华,2023-04-14 18:00:03,3分9秒,65864,3565,1871,,https://www.douyin.com/share/video/7221819464956808508?
被闺蜜安利的这对CP#水杨酸 和 #壬二酸 种草了，每天早晚涂一涂，揉一揉真的爱了，拒绝草莓鼻#让我们一起变美丽,2023-03-07 21:41:35,16秒,65860,2342,9027,,https://www.douyin.com/share/video/7207799042691042572?
我已掌握甜妹启动开关，望周知！#腮红 #好物分享 #新手化妆教程,2023-03-01 18:00:27,1分18秒,65803,2117,7008,,https://www.douyin.com/share/video/7205383965627141436?
抄近路变透亮！！暗沉脸给我学！！#CibleSkin悉源地  #⼀敷焕亮  #圣光⾯膜  #涂抹面膜,2023-03-02 20:43:09,2分4秒,65749,757,623,,https://www.douyin.com/share/video/7205922122181430585?
花一份钱享几份福，这钱花的值！#抗老#种草#38女王节,2023-03-08 00:04:42,1分42秒,65396,637,1659,,https://www.douyin.com/share/video/7207831704696917281?
底妆打的好，打工人也能拥有百变造型！！#古驰持妆出色现场#古驰美妆#古驰玩妆粉底液,2023-03-22 17:01:01,1分35秒,65288,407,1940,,https://www.douyin.com/share/video/7213219911173197115?
今天又是社牛的一天～#街头挑战 #拍大片 #拍照 #不怕晒晒不怕 #美肤宝防晒,2023-03-03 17:01:09,2分12秒,65223,1080,1134,,https://www.douyin.com/share/video/7205865911461350716?
拍摄前的小心机～#薇婷 #抖音电商超级品牌日,2023-03-10 20:00:04,2分19秒,65123,856,1367,,https://www.douyin.com/share/video/7208868878087113984?
姐妹们一定要贴这个纯野小恶魔懒人三部曲2.0#眼妆 #美妆 #平价彩妆 #懒人必备 #三部曲,2023-03-19 19:56:20,11秒,65075,3726,9889,,https://www.douyin.com/share/video/7212224931000618274?
我好像穿了件风衣在脸上～#测评 #Burberry风衣粉底液 #底妆 #持妆 #透气,2023-02-26 22:18:25,1分47秒,64965,1646,3687,,https://www.douyin.com/share/video/7204459990759902519?
带孩子是一件很辛苦的事情，感谢我的丈母娘为了支持我们的工作，帮忙带两个孩子。#外国女婿马大哈#染发,2023-03-23 17:30:31,1分49秒,64200,1517,783,,https://www.douyin.com/share/video/7213216565884357925?
#连裤袜 #很哇塞的袜子 #白色 #女神必备,2023-03-20 07:45:13,17秒,64077,1486,12765,,https://www.douyin.com/share/video/7212407605266779450?
不是所有的男生都会介意女朋友有个弟弟，真正爱你的人不会权衡利弊 @WIS星品  #春季新品必买清单,2023-03-18 17:00:21,4分12秒,64033,2203,1808,,https://www.douyin.com/share/video/7211789075135745339?
穿上这个显瘦小衫谁也看不出我154斤#显瘦穿搭 #我可真会买 #谁穿谁好看,2023-03-28 18:54:41,53秒,63990,4021,8274,,https://www.douyin.com/share/video/7215548806845189388?
姐妹们，快来试试这个辣妹风的波浪抓夹，轻松搞定慵懒感抓夹造型，快来get同款#头饰发饰,2023-03-03 15:05:37,13秒,63928,6950,54768,,https://www.douyin.com/share/video/7206212636998896911?
她好像个小兔子啊 谁懂！#花朝节之十二花神  #妮维雅摇摇乐 #防晒,2023-03-22 19:26:48,1分32秒,63846,677,2207,,https://www.douyin.com/share/video/7213320252342553914?
百搭好看的#螺纹背心 ，修身又显瘦，80斤到150斤都可以穿，不走光，遮副乳，快和你的闺蜜一起安排起来吧！#吊带背心,2023-03-02 14:16:45,19秒,63792,814,8144,,https://www.douyin.com/share/video/7205828888298147127?
漫步在被阳光雕刻的城市，我有波司登防晒衣的保护#波司登骄阳防晒衣 #不怕水洗持久防晒#旅行大玩家@波司登,2023-04-03 17:00:24,1分11秒,63179,303,578,,https://www.douyin.com/share/video/7217676367587020065?
跟美女贴贴之前先跟你的底妆贴贴吧！#底妆 #妆前乳 #好物分享,2023-03-11 10:00:00,1分34秒,62770,3687,10667,,https://www.douyin.com/share/video/7208714699725131068?
夏季裙装搭配分享~#dfashion风格企划 #高级感穿搭 #夏季穿搭,2023-03-25 09:00:00,2分40秒,62132,1471,4239,,https://www.douyin.com/share/video/7214080490138078467?
我应该不是 最不适合这个双眼皮贴的人吧,2023-04-04 20:55:53,2分21秒,62070,2114,2983,,https://www.douyin.com/share/video/7218160447864704314?
欧莱雅也太疯了！这瓶抗老精华错过后悔一整年！#三八女王节#抗老#护肤#38大促,2023-03-07 17:01:15,1分39秒,61872,524,1625,,https://www.douyin.com/share/video/7207632048771583269?
视频中相关内容在@滋色ZEESEA品牌直播中，不是爱情经不住风雨，是你没遇见那个坚定选择你的人。#滋色 #隔离霜,2023-02-28 19:50:04,6小时2分20秒,61611,1093,1624,,https://www.douyin.com/share/video/7205149758275472701?
别太好用！每洗一次澡感觉自己又离香滑奶油肌更近了一步！#磨砂膏#身体护理,2023-02-22 17:00:19,1分20秒,61395,728,1435,,https://www.douyin.com/share/video/7202803633623141692?
要这个油的太多了～时隔仨月终于来了！,2023-03-19 18:26:40,1分38秒,61340,1920,5266,,https://www.douyin.com/share/video/7212191459062074681?
精致度和诚意都拉满了，我爱了~#开箱 #礼盒 #送女生礼物,2023-02-23 17:06:15,2分8秒,61006,490,3667,,https://www.douyin.com/share/video/7203229338697878840?
男生修眉非常简单！新手都可以轻松掌握的#修眉刀 和#眉剪 ，使用安全又方便#修眉神器 #修眉 #眉毛,2023-03-23 10:07:36,13秒,60935,3399,18812,,https://www.douyin.com/share/video/7213557546420899109?
“时间 会沉淀最真挚的情感，风雨 会考验最温暖的陪伴”#瑷尔博士,2023-03-06 17:00:35,34秒,60904,1032,1569,,https://www.douyin.com/share/video/7206523044465085735?
祛痘一条龙，入股不亏！#测评 #溪木源祛痘精华 #痘肌 #祛痘 #溪木源油痘肌新肌愈,2023-04-15 17:00:32,1分31秒,60830,846,4331,,https://www.douyin.com/share/video/7219161809444506919?
快和对象一起穿这双柔软舒适的小熊板鞋吧 #宝藏鞋子 #好穿又好搭 #谁穿谁好看 #显高显瘦显腿长,2023-03-26 12:38:18,15秒,60817,4285,17707,,https://www.douyin.com/share/video/7214709631422172428?
摸着良心说实话，我只怕你亮太快，亮成一道光。#CibleSkin悉源地 #一敷焕亮 #圣光面膜 #提亮 #急救面膜,2023-03-03 12:07:57,2分8秒,60728,519,1294,,https://www.douyin.com/share/video/7205889178477907235?
<该视频暂无标题>,2023-03-17 17:53:28,55秒,60516,2143,5020,,https://www.douyin.com/share/video/7211451081405025551?
夏日冰感小裙推荐~盛夏清凉裙装穿搭分享#dfashion风格企划 #夏季穿搭 #高级感穿搭,2023-03-17 15:29:10,2分11秒,60332,1342,2953,,https://www.douyin.com/share/video/7211413634302463288?
天气热了你还在披着头发出门嘛 不仅胡脖子还不好看 快来试试这款碎花飘带#头饰发饰 #编发 #飘带,2023-03-14 11:45:49,17秒,60167,1095,8983,,https://www.douyin.com/share/video/7210243088516730146?
姐妹们！一定要贴这个纯野小恶魔懒人三部曲2.0吖#假睫毛 #三部曲 #美妆 #平价彩妆 #懒人必备,2023-03-08 11:01:55,11秒,60126,1799,6712,,https://www.douyin.com/share/video/7208005281857506600?
这才是真！相见恨晚，灭霸级别的美白狠货姐给你们搞来了！#美肤宝小白瓶 #光果甘草小白瓶#不怕晒晒不怕,2023-03-02 18:01:16,1分34秒,59751,524,701,,https://www.douyin.com/share/video/7205784610368654626?
墨雪洗发水实在是太好用了，全年就这么一次福利，抓紧上车！@墨雪旗舰店,2023-03-03 18:00:17,2分29秒,59699,3025,2326,,https://www.douyin.com/share/video/7205863540551322936?
二胎生产倒计时23天，今天要拍的是国风孕妇照。#花西子小黛纱唇纱,2023-03-06 18:00:16,1分23秒,59312,5211,4753,,https://www.douyin.com/share/video/7207337285015047439?
和闺蜜团三亚疯游，靠它眼睛撑住了～#眼霜#闺蜜#欧莱雅20眼霜,2023-04-04 17:08:10,1分55秒,59106,909,548,,https://www.douyin.com/share/video/7218096130960264487?
愿意为你花钱的男人不一定爱你，但不愿意为你花钱的男人一定不爱你。,2023-03-03 20:02:36,4分58秒,59043,1467,4267,,https://www.douyin.com/share/video/7206176940015783229?
不走弯路，这个底妆那不是随随便便玩通宵！#新一代迪奥锁妆粉底液 #双向锁妆不改初色 #底妆,2023-03-06 17:01:03,1分21秒,59035,520,2758,,https://www.douyin.com/share/video/7207277471236902181?
你们爱看的硬照系列又来了，各位宝贝多多捧场#狂飙 #狂飙大嫂 #变装 #闺蜜 #兰蔻菁纯面霜,2023-02-26 16:47:14,50秒,59029,2022,2536,,https://www.douyin.com/share/video/7204368652689329442?
我一个人白了可不行，想白的莓女们都得安排上#美肤宝小白瓶 #光果甘草小白瓶#不怕晒晒不怕,2023-03-03 18:00:10,1分59秒,58750,928,1274,,https://www.douyin.com/share/video/7205831919123172620?
爱不能克服远距离，相爱才行。#纽西之谜防晒隔离,2023-03-25 20:02:28,4分56秒,58738,1078,2760,,https://www.douyin.com/share/video/7213662970423872824?
请大数据把这期推送给预算低的学生党们，直接闭眼冲！#服饰种草官 #投篮服 #可以才说,2023-04-08 11:51:52,46秒,58353,958,2439,,https://www.douyin.com/share/video/7219521771324722435?
老朋友的新惊喜，姐妹们盛夏来袭也不尴尬，自在清新很安逸！#chillmore,2023-04-19 18:00:57,2分47秒,58071,1390,376,,https://www.douyin.com/share/video/7223662921061092664?
放眼整个抗老界，它都是相当炸裂的 #精华 #抗老 #38女王节  #三八女神节 #抖音38好物节 #紧致,2023-03-07 17:01:15,1分59秒,57968,730,1668,,https://www.douyin.com/share/video/7207628223734254908?
会根据温度变颜色的蝴蝶项链真的太好看了，就像感情升温，快叫闺蜜安排一人一份！#这个项链我好喜欢 #礼物 #项链 #变色项链,2023-03-15 18:12:52,9秒,57782,3423,3002,,https://www.douyin.com/share/video/7210713924289744189?
每次溜大街都会有不同的收获，然然一一真的长大了，加油！#海龟爸爸 #小雪山防晒,2023-04-02 10:00:05,3分48秒,57688,1604,2929,,https://www.douyin.com/share/video/7215515509905739068?
春夏奶油唇泥还得是AKF，完全掌握甜妹流量密码#口红试色#akf唇泥,2023-03-14 18:00:17,1分46秒,57593,1318,4505,,https://www.douyin.com/share/video/7210215919338016052?
我真的太孝顺了，看把老爸感动的！#咋感觉下手有点狠哈哈哈,2023-03-21 11:53:20,2分49秒,57150,1482,2273,,https://www.douyin.com/share/video/7212842628285467965?
这个夏天还想当白月光的，硬核装备要整上了。#波司登骄阳防晒衣 #不怕水洗持久防晒 @波司登,2023-03-24 12:00:38,1分7秒,57143,196,887,,https://www.douyin.com/share/video/7213194571864542499?
后悔没早点用到的干敏肌防晒，实力真的别太卷#防晒#自然堂防晒小金伞#敏感肌防晒#防晒霜推荐#自然堂防晒霜,2023-03-07 21:08:18,2分12秒,56877,309,1911,,https://www.douyin.com/share/video/7207754459504512314?
春夏条纹怎么穿？独特吸睛的条纹穿搭分享~#dfashion风格企划 #高级感穿搭,2023-03-03 14:59:17,5分22秒,56630,1341,1917,,https://www.douyin.com/share/video/7206210980823518521?
如果你长痘痘还爱留痘印，来看看它！#祛痘 #痘肌 #护肤 #溪木源,2023-04-17 12:13:51,1分31秒,56542,3590,3029,,https://www.douyin.com/share/video/7222831618442988812?
敏敏皮的“保护伞”，灭火修墙真的香！#AHC #AHC水乳 #AHCB5PRO水乳 #干敏皮,2023-03-01 12:28:21,1分57秒,56498,3502,8600,,https://www.douyin.com/share/video/7205224230974196992?
只要我这样选防晒，太阳就别想晒黑我#欧莱雅小金管 #欧莱雅小金管防晒 #欧莱雅小刘鸭 #防晒,2023-02-22 18:01:02,1分26秒,56417,719,5477,,https://www.douyin.com/share/video/7202117954824129832?
千万别轻易让男友帮你卸妆，眼珠子差点被抠掉…#情侣日常#日常vlog#塑料情侣#悦薇小针管#A醇大佬,2023-03-06 17:00:45,1分58秒,56155,213,2229,,https://www.douyin.com/share/video/7206259307225107771?
来自东北人的认可！！直接看对比！#身体护理 #平价好物,2023-02-26 15:00:04,1分59秒,56027,7439,3900,,https://www.douyin.com/share/video/7203750572913085751?
拒绝“黄气”，这瓶升级版第二代抗氧明星值得拥有！#相宜本草  #抗氧  #抗氧化,2023-03-04 17:01:00,1分47秒,55949,973,1718,,https://www.douyin.com/share/video/7206317049948294460?
每个人都会有缺陷，就像被上帝咬过的苹果，有的人缺陷比较大，正是因为上帝特别喜欢他的芬芳#疯狂小杨哥 #墨镜 #夏季必备 #眼镜,2023-03-26 02:57:38,58秒,55926,1003,1841,,https://www.douyin.com/share/video/7214559668901842232?
这款小新#防蚊裤 简直太可了～小学生穿有点幼稚，对于大学生来说刚刚好！#夏日必备 #蜡笔小新 #谁穿谁好看,2023-03-08 11:48:12,12秒,55736,10982,41966,,https://www.douyin.com/share/video/7208017203516460326?
白到没朋友到底是什么体验#科颜氏安白瓶 #美白,2023-02-22 17:00:04,1分6秒,55618,334,780,,https://www.douyin.com/share/video/7202057843594399016?
vlog | 拍春日写真 | 枯草头赶紧来跟我一起把头发浅浅翻新一下#第二代欧莱雅大金瓶#洗发#护发#头发护理,2023-03-18 21:34:46,2分25秒,55353,283,1778,,https://www.douyin.com/share/video/7211869413547576631?
拿不下你 我的问题#男生化妆 #精致男孩 #酷男笔记 #酷男笔记焕颜遮瑕棒,2023-03-24 17:30:00,14秒,55267,3562,12783,,https://www.douyin.com/share/video/7213930601265614118?
视频中相关内容在@Befe旗舰店直播中，我的“枯草”救星！性价比超高的宝藏发膜！#befe发膜 #护发,2023-03-19 18:00:39,1分40秒,55258,752,2398,,https://www.douyin.com/share/video/7211450452792118583?
穿我家这款还脚臭你来找我！#源头实力厂家#男士袜子#透气舒适不臭脚,2023-02-28 20:03:12,49秒,55136,2695,6856,,https://www.douyin.com/share/video/7205175842417200422?
早八人防晒认准它，五分钟出门不是梦！#防晒 #通勤防晒 #怡思丁防晒,2023-03-05 18:01:01,1分27秒,54834,986,2504,,https://www.douyin.com/share/video/7206948731579682086?
职场妈妈也能光彩依旧！上班+带娃也不会让脸变憔悴！#护肤  #职场妈妈,2023-02-24 12:01:00,1分52秒,54709,554,1405,,https://www.douyin.com/share/video/7203237863784287545?
姐妹们一定要贴这个纯野小恶魔懒人三部曲2.0#眼妆 #美妆 #平价彩妆 #懒人必备 #三部曲,2023-04-05 15:16:46,11秒,54706,2352,7546,,https://www.douyin.com/share/video/7218461337741987107?
想要清洁力在线又能给你满满安全感的洗面霜，这个#芙丽芳丝净润洗面霜 可以囤起来了,2023-02-28 16:30:18,27秒,54661,540,1107,,https://www.douyin.com/share/video/7205078590289972537?
重要通知！需要滑溜溜、软嫩嫩美腿的美女们请进！#身体乳 #妮维雅双管身体精华,2023-03-06 20:30:46,1分36秒,54616,163,831,,https://www.douyin.com/share/video/7207351333995777280?
相爱容易，相守难。@WIS星品,2023-03-26 20:08:54,4分55秒,54580,1664,2906,,https://www.douyin.com/share/video/7214790506318925059?
谁说唯有套路得人心？这款国货沐浴露真的是让我大开眼界！,2023-03-04 17:30:30,1分17秒,54509,1149,1110,,https://www.douyin.com/share/video/7206573639204883749?
原来一个人情绪最上头的时候，才是最下头的时候#立白精油凝珠 @立白官方旗舰店直播间,2023-03-17 20:00:10,4分26秒,54321,1231,6074,,https://www.douyin.com/share/video/7211447059990285626?
晒不黑的秘密藏不住了！#美肤宝防晒  #不怕晒晒不怕,2023-03-03 14:48:36,30秒,54224,1514,1324,,https://www.douyin.com/share/video/7206208236586896701?
帮我扫清辣妹道路的所有障碍，露腿露腰露背都不怕！#脱毛 #好物分享 #吉列维纳斯芦荟刀,2023-03-07 17:01:09,1分24秒,53945,626,611,,https://www.douyin.com/share/video/7207376315748453688?
闺蜜买什么我就跟着买什么，我就是友宝女#种草 #雅漾速修霜 #她有引力 #抖音38好物节,2023-03-02 18:52:02,2小时11分56秒,53935,311,1611,,https://www.douyin.com/share/video/7205888693263977786?
男人过了30岁，别穿得像大叔！这款休闲裤，穿上年轻十岁！#男装搭配 #男生穿搭 #品质男装,2023-03-29 14:58:10,18秒,53872,3728,5000,,https://www.douyin.com/share/video/7215858942612720899?
化不化妆的宝妈姐妹们，都可以放心入的#素颜霜 自然提亮肤色，丝滑不假白，老公都以为我是天生好皮肤#种草 #懒人必备,2023-03-05 11:31:03,51秒,53863,1731,922,,https://www.douyin.com/share/video/7206899516983889184?
这个 #冰冰袜 才是春夏搭配的打开方式吧，可长可短弹力大，随意搭配鞋子、小裙子都特别好看 #变美 #平价好物,2023-03-06 18:01:24,12秒,53829,1868,4684,,https://www.douyin.com/share/video/7207371185271704889?
来三亚不测一下防晒衣怎么行？ #蕉内凉皮#防晒衣,2023-04-01 18:00:20,1分45秒,53785,125,214,,https://www.douyin.com/share/video/7216748804572302651?
让我来看看，顺溜溜的头发是谁不想要！#护发 #第二代欧莱雅大金瓶 #洗发 #头发护理,2023-03-20 17:00:40,1分25秒,53763,251,1538,,https://www.douyin.com/share/video/7212147294676798777?
妈耶！谁能拒绝牛仔背带裙呀！减龄显身材！搭配白上衣青春十足！#穿搭 #谁穿谁好看 #背带裙 #英伦,2023-03-19 23:40:15,8秒,53621,3619,17744,,https://www.douyin.com/share/video/7212282593025297716?
简约高级，谁穿都帅。#看得见的高品质 #面料超级舒服 #舒适透气又凉快 #宽松版型 #胖瘦都能穿,2023-03-27 00:26:22,19秒,53586,1371,4997,,https://www.douyin.com/share/video/7214892057691802895?
扎丸子头边上总是露出秃的地方，室友说补补就行，是不是很有效果呀姐妹们#发际线粉,2023-03-19 14:40:00,22秒,53561,6068,25059,,https://www.douyin.com/share/video/7212111426230471973?
“我懂你养家辛苦，你知我持家不易。” 我们都很辛苦，只有双向奔赴，才有意义...#膜法世家抗初老,2023-03-09 18:04:28,4分24秒,53284,2375,11631,,https://www.douyin.com/share/video/7208461050834931000?
清凉显瘦！三件不同版型的小衣服~希望姐妹喜欢哦#ootd穿搭 #dfashion风格企划 #高级感穿搭,2023-04-14 15:27:32,4分47秒,53255,1452,2242,,https://www.douyin.com/share/video/7221803873491569978?
没眉毛也无所谓！反正它会出手！#植村秀砍刀眉笔 #化妆干货 #美妆,2023-03-05 12:00:16,2分26秒,53052,234,784,,https://www.douyin.com/share/video/7206163377599679796?
如果可以 我希望天天见 #迪奥小姐花漾淡香水 #为爱绽放 #氛围感,2023-03-01 21:19:59,31秒,53051,391,1619,,https://www.douyin.com/share/video/7205561444044229892?
多少人和我一样，因为体态，长上了颈纹...#体态矫正  #双a醇颈霜,2023-03-27 21:00:36,2分39秒,52980,404,986,,https://www.douyin.com/share/video/7215182482252123452?
要多漂亮才算漂亮？希望大家接受自己！一起自信起来努力越变越好！#拒绝容貌焦虑 #女生 #斯维诗水光瓶,2023-03-02 17:00:10,1分30秒,52903,1057,2133,,https://www.douyin.com/share/video/7204750217659288866?
"VLOG|春日游，桃花吹满头|普拉提+拳击课|又见湘湖~
#vlog日常 #卡诗微米双萃凝露#春游",2023-03-05 18:01:55,3分17秒,52875,681,1133,,https://www.douyin.com/share/video/7206969370977865021?
这个粉饼是下凡来普度众生的吧？！爱到海枯石烂！！#香蕉粉饼#essence粉饼#定妆,2023-02-22 18:01:12,1分41秒,52868,452,3611,,https://www.douyin.com/share/video/7202556581634936101?
你们觉得这个发型最适合谁？#水母头  #发型  #第二代欧莱雅大金瓶 #洗发即护发,2023-03-16 17:45:52,1分45秒,52802,240,1878,,https://www.douyin.com/share/video/7211056716719410492?
夏季浅色系牛仔裤就是它了！还没选到心仪的姐妹~看看咯#dfashion风格企划 #夏季穿搭,2023-03-24 14:41:35,4分54秒,52753,1456,1802,,https://www.douyin.com/share/video/7213999055326776580?
我发誓！这个价位！这效果！除了它，真的找不到第二个好用的美容仪了#美容仪 #初普奇迹s #射频美容仪 #TriPollar初普,2023-03-06 12:00:06,2分11秒,52735,160,821,,https://www.douyin.com/share/video/7207030355168185632?
涂完就可以直接出门的防晒隔离来咯~轻松打造素颜大美女！#纽西之谜防晒隔离 #素颜 #防晒,2023-03-12 11:00:54,1分5秒,52699,1132,6214,,https://www.douyin.com/share/video/7208412433700883768?
干敏皮如何花小钱办大事？修护+抗老我已经说烦咯#精华 #修护抗老精华 #抗老精华 #梦妆红小胖精华,2023-03-03 18:02:26,1分33秒,52696,435,4855,,https://www.douyin.com/share/video/7206234093720227131?
#热门#感谢抖音,2023-02-25 00:13:51,14分44秒,52692,659,8546,,https://www.douyin.com/share/video/7203756293293755705?
谁还没有这个高颜值的#墨镜  便携而且近视眼也能轻松变身墨镜啦#好物推荐  #墨镜一戴谁也不爱,2023-03-10 11:39:20,13秒,52625,1156,8196,,https://www.douyin.com/share/video/7208757051604979004?
柔顺警告！沙发姐妹绝对别放过，1分钟get丝绸发！不顺找我#欧莱雅PRO瞬顺发膜  #护发秘籍  #38必买,2023-02-24 17:30:39,2分25秒,52512,373,665,,https://www.douyin.com/share/video/7203605946650660133?
试纱当天发现老公竟是癞蛤蟆，这套身体乳真是嫩到家啦#凡士林 #凡士林特护身体乳 #身体乳,2023-03-01 17:00:25,1分55秒,52269,198,1034,,https://www.douyin.com/share/video/7205054757256416544?
个位数的小众香水被室友夸爆了！！！#香水 #香水控 #学生党平价安利,2023-03-31 21:56:02,10秒,52269,1594,2366,,https://www.douyin.com/share/video/7216708810163899663?
三招让一个男生对我”上头“#第二代欧莱雅大金瓶 #顺滑 #洗发即护发,2023-03-24 19:51:55,1分35秒,52230,935,1380,,https://www.douyin.com/share/video/7214065387556654397?
我的姐妹全是美女，也是酒仙，土匪#美co在韩国 #慕苏美容仪#让我们一起变美 #vlog日常 #做精致女人,2023-03-12 19:00:23,4分57秒,52145,762,894,,https://www.douyin.com/share/video/7209234274183073056?
夏天 的真正较量开始啦！#黄黑皮  姐妹们必入的身体#素颜霜 逆袭#冷白皮 从头到脚！#晴田身体素颜霜,2023-03-06 19:03:30,45秒,52103,102,6575,,https://www.douyin.com/share/video/7207387154010410297?
不是人间油物刷不到这条 #科颜氏果冻高保湿 #控油 #科颜氏果冻面霜,2023-03-28 17:01:11,1分27秒,51943,562,1899,,https://www.douyin.com/share/video/7215149255760137533?
没想到#00后 也要开始用这玩意儿了，老国货真的没有让我失望………#痘痘 #闭口#黑头粉刺 #男女通用,2023-03-17 18:22:58,16秒,51889,2760,4292,,https://www.douyin.com/share/video/7211458698772794682?
护发使者卡诗，再不下手就真来不及了！！#三八女神节#卡诗#卡诗微米双萃洗发凝露#卡诗洗发水涨价,2023-03-06 22:08:47,3分6秒,51758,377,1652,,https://www.douyin.com/share/video/7207383543910026552?
奈弟说你叫我爸爸我就答应了哈哈哈@WIS星品,2023-04-11 18:30:47,1分25秒,51750,392,1695,,https://www.douyin.com/share/video/7220037018728942885?
头皮精华朕甚是喜爱，爱卿们记住养发都给我先养好头皮#希思黎睿秀#钛黑瓶#护发如护肤#护发分享#头发,2023-03-09 17:00:46,1分42秒,51736,479,873,,https://www.douyin.com/share/video/7208121407102930208?
森系甜美的小裙子谁能拒绝啊！真的好少女啊！搭双小白鞋就超哇塞的！#谁穿谁好看 #神仙裙子 #春天的第一条仙女裙,2023-03-23 08:09:25,7秒,51699,8504,14123,,https://www.douyin.com/share/video/7213527074202471718?
全家都爱用的护肤好物，30+宝妈的安全感来自这里~#雅婷的vloglife,2023-03-31 18:00:41,1分46秒,51676,376,290,,https://www.douyin.com/share/video/7216200672503516477?
懒人连衣裙合集！3秒光速出门~穿搭不烦恼#dfashion风格企划 #夏季穿搭 #高级感穿搭,2023-03-11 09:00:00,4分28秒,51640,1366,2588,,https://www.douyin.com/share/video/7208888362181201213?
主要就是不好意思 #今日分享,2023-03-21 19:32:31,28秒,51603,2201,5489,,https://www.douyin.com/share/video/7212960950540963105?
莫？护理角质还能温和？就这么简单？#takami #takami小蓝瓶 #角质护理,2023-02-21 20:41:38,1分17秒,51593,157,536,,https://www.douyin.com/share/video/7202562717704523048?
属于夏天的冰丝裤来啦#ootd穿搭 #夏季新款 #显高显瘦显腿长 #胖瘦都能穿 #男女同款,2023-03-30 09:21:24,12秒,51529,2608,11449,,https://www.douyin.com/share/video/7216143240062340387?
不买后悔一年！买卡诗做天仙美女！#卡诗自在瓶 #卡诗自在净屑精华 #去屑洗发水 #头皮精华 #卡诗自在系列,2023-02-24 21:21:04,2分13秒,51455,886,1156,,https://www.douyin.com/share/video/7203673795758935352?
只要你想远离猕猴桃女孩儿，就来给我试试这个脱毛刀#脱毛#脱毛神器#吉列维纳斯芦荟刀,2023-03-05 17:01:01,1分24秒,51396,415,388,,https://www.douyin.com/share/video/7206623237990599968?
护发界老大好卷！卡诗又放大招了！#卡诗   #卡诗微米双萃洗发凝露  #头皮清洁  #控油洗发水  #控油蓬松,2023-02-27 16:59:03,1分58秒,51298,819,2764,,https://www.douyin.com/share/video/7204739114648800568?
红苹果妹妹千万别划走，刷到就是赚到#理肤泉B5面膜 #修护 #熬夜 @理肤泉,2023-02-22 17:00:05,1分16秒,51272,114,827,,https://www.douyin.com/share/video/7202202335802658059?
明明年龄不大，但爹味十足…？#欧莱雅男士紧致套装 #男生护肤 #洁面 #水乳推荐,2023-03-22 18:23:54,2分15秒,51155,310,2054,,https://www.douyin.com/share/video/7212839930442026301?
哇！这件T恤也太好穿了吧！面料舒适柔软！上身显瘦百搭！单穿打底都好好看！姐妹们快冲！#谁穿谁好看 #短袖t恤 #已经开始期待夏天了,2023-03-22 22:01:04,9秒,51139,2545,7284,,https://www.douyin.com/share/video/7213370334500670754?
五分钟被晒伤的事你们都体会过吧~身体防晒不能懒啊！#凡士林小金伞#硬核防晒 #平价防晒 #户外防晒 #身体防晒,2023-03-03 17:01:28,1分55秒,51129,101,593,,https://www.douyin.com/share/video/7205987204374596897?
一白遮百丑，小东西有点东西，整个皮肤质感给我直接拉到满！#问题灵魂 #问题灵魂身体素颜霜 #热门 #好物种草,2023-03-20 18:26:59,2分29秒,51092,2250,5303,,https://www.douyin.com/share/video/7212566676150226231?
还有人在问抗衰能不能尝试早C晚A？我只能说早用早享受#科颜氏早C晚A#跨越断崖式衰老,2023-02-25 17:09:33,2小时50分5秒,51022,257,1071,,https://www.douyin.com/share/video/7203989858228931855?
终于找到了心仪的#抓夹 清冷感真的很绝#头饰发饰 #鲨鱼夹 #美出高级感,2023-03-22 22:08:02,13秒,51014,2301,23659,,https://www.douyin.com/share/video/7213372127125179682?
男生的变帅成本简直太低了，大油田也能逆袭男高中生？#洁面 #护肤 #油敏肌 #妮维雅油敏肌洗面奶,2023-02-27 18:36:12,1分13秒,50995,158,847,,https://www.douyin.com/share/video/7204744538345311520?
你分得清汉子茶和女汉子的区别吗？#内容过于真实#剧情#欧莱雅小金管  #欧莱雅小刘鸭 #防晒,2023-02-26 19:30:27,1分35秒,50987,2542,3638,,https://www.douyin.com/share/video/7204082297857920314?
已经不想和没有唐魅可春夏限定气垫的人玩了，这个包装也太好看了吧！#气垫 #tommark唐魅可 #唐魅可金白绷带,2023-03-23 18:26:39,1分29秒,50789,854,2324,,https://www.douyin.com/share/video/7213668348784151867?
男生变帅成本真的很低 来瓶定型足够了,2023-03-24 20:02:59,17秒,50768,1652,6554,,https://www.douyin.com/share/video/7214082068886736162?
平价开挂的防晒来了！！#平价防晒 #欧莱雅小金管  #欧莱雅小金管防晒  #欧莱雅小刘鸭  #防晒,2023-02-24 17:51:40,2小时59分1秒,50756,1234,1221,,https://www.douyin.com/share/video/7203641758884826426?
“心有缱绻，望若初见，用爱的嘉奖来肯定那个他”#碧欧泉蓝钻,2023-02-25 18:36:47,46秒,50755,1141,1653,,https://www.douyin.com/share/video/7204016350514187555?
哇！我是怎么挖到这个六边型战士的！扁塌头直接上岸！#卡诗 #卡诗微米双萃洗发凝露 #头皮清洁 #控油蓬松,2023-02-28 18:51:01,1分54秒,50676,532,1487,,https://www.douyin.com/share/video/7205143117824036136?
多少人觉得20几岁不用抗老？#护肤 #抗老 #精华推荐 #三八女神节礼物 #三八女神节,2023-03-07 17:01:33,2分36秒,50499,444,1612,,https://www.douyin.com/share/video/7207670666764520759?
搞内卷这套还得是您最会，用下来真分不清是千元还是平价了，38节日赶紧安排一下#抗老 #38女王节 #护肤,2023-03-06 17:01:02,1分19秒,50442,452,349,,https://www.douyin.com/share/video/7207069682392780089?
夏天的较量已经偷偷开始 容易出汗的姐妹可以备点这个#香氛止汗露 口红大小 随时随地都能涂#姐妹们这小东西太绝了,2023-03-28 19:21:20,8秒,50426,1302,6860,,https://www.douyin.com/share/video/7215555673180917024?
我们要回国了,2023-04-07 13:28:16,2分1秒,50326,2149,319,,https://www.douyin.com/share/video/7219175530644426042?
家人们，又是一个梦想与现实分离的早晨！哈哈哈哈哈哈哈哈哈呕#不怕晒晒不怕   #美肤宝防晒,2023-03-01 22:39:50,2分22秒,50309,709,1059,,https://www.douyin.com/share/video/7205578425220730150?
通通闪开，洁面界强哥驾到！清洁、卸妆、养肤它全占！#洁面#护肤#prmr芙莉美娜 #芙莉美娜小金蜜,2023-03-05 11:00:07,1分33秒,50172,273,993,,https://www.douyin.com/share/video/7206681566699900219?
“嫩学”秘籍，谁还不是18岁呢#AHC三抗精华水 #天猫小黑盒#护肤#好物分享#抗初老,2023-02-22 18:01:09,1分59秒,50060,1031,475,,https://www.douyin.com/share/video/7202542759436127549?
用过n瓶精华，论抗老还得是它！#38女王节 #护肤,2023-03-07 18:01:47,1分36秒,50030,529,449,,https://www.douyin.com/share/video/7207706843781647651?
谁能拒绝一双住在星河里的眼睛！#UD牛郎色眼影#闪片眼影#眼影推荐#UD,2023-02-26 18:30:11,1分45秒,50005,641,1569,,https://www.douyin.com/share/video/7204329348600483128?
这是花仙子本仙吗#翡翠气垫,2023-03-13 11:40:53,59秒,49938,979,569,,https://www.douyin.com/share/video/7209548473610374452?
2023年宝港新款太阳镜，男女同款，轻、清、防紫外线。,2023-03-11 10:21:48,43秒,49844,916,479,,https://www.douyin.com/share/video/7209108194428276023?
用了就不想换！晒不黑密码被你玩明白了#防晒 #欧莱雅小金管 #欧莱雅小金管防晒 #欧莱雅小刘鸭,2023-02-23 18:00:13,1分43秒,49767,497,5569,,https://www.douyin.com/share/video/7202165050709151016?
新刷子！！！！我的新宝贝！！！#美妆 #美妆 #刷子 #新手化妆教程,2023-04-15 19:59:13,4分7秒,49723,1097,1598,,https://www.douyin.com/share/video/7222223217505717543?
梦回巴黎氨基酸洗发水，幻想玫瑰香水同款香型，持久留香，750毫升大容量，七天无理由，赠送运费险，七天内打开用了，有任何不满意，都可以退。#洗发水 #洗发水推荐,2023-02-27 20:49:32,56秒,49674,1429,665,,https://www.douyin.com/share/video/7204816948343934269?
vlog之没有工作的一天，好好做个护理吧#美容仪 #gemo金茉奢华美容仪,2023-03-28 18:13:02,2分43秒,49563,609,489,,https://www.douyin.com/share/video/7215506979664481593?
#二代棉底钢丝短袜 #透气舒适不臭脚 #不起球不勾丝,2023-03-06 16:19:52,13秒,49548,435,6037,,https://www.douyin.com/share/video/7207345023807999290?
霸道总裁和富家千金强强联手，组合重拳出击，从里到外让你焕然一新！#搞笑 #热门 #好物种草,2023-04-08 18:00:29,3分3秒,49546,3101,2538,,https://www.douyin.com/share/video/7219590539790830885?
答应我，奶茶开开心心的喝，皮肤认认真真的养~#悦诗风吟抛光精华 #仙女必备 #种草 #好物推荐🔥,2023-02-28 18:35:45,1分32秒,49499,246,5299,,https://www.douyin.com/share/video/7205137899476569402?
个位数的可爱手提包！快喊饭搭子来一人一个#我可真会买 #学生党必备 #手提袋,2023-03-17 16:00:24,7秒,49427,5631,4992,,https://www.douyin.com/share/video/7211421952647400719?
穿三年的尖头拖鞋！出镜率超级高滴半拖~升级回来啦#dfashion风格企划 #配饰分享,2023-03-04 09:00:00,5分27秒,49386,1679,1764,,https://www.douyin.com/share/video/7206304511210622267?
显瘦百搭，弹力超大，再也不怕掉裆 质量我就不多说了  #显瘦穿搭  #初春穿搭 #鲨鱼裤  #百搭神裤,2023-03-11 08:24:01,12秒,49343,73508,312217,,https://www.douyin.com/share/video/7209077817886248253?
"实在不敢相信blankme是这么个妆效？！你是怎么火这么久的！
#气垫 #blankme气垫 #测评",2023-03-18 11:00:43,1分53秒,49288,428,2806,,https://www.douyin.com/share/video/7211029573906009404?
文案：啧 漂亮#欲点儿咋了,2023-03-12 16:49:13,1分59秒,49216,2512,12441,,https://www.douyin.com/share/video/7209579059284561213?
直男看不出来的快速出门约会妆，5min搞定！#自然堂隔离霜 #双效特证隔离 #素颜神器,2023-03-23 17:00:54,1分58秒,49126,84,1970,,https://www.douyin.com/share/video/7212549711272742200?
洗了头才敢见粉丝～这是一个评论区有很多照片的粉丝见面会～@墨雪旗舰店,2023-03-22 15:02:24,1分44秒,49114,553,283,,https://www.douyin.com/share/video/7213256150152727808?
约会前20分钟女生都在干嘛，1分钟100种精神状态的一天  #凡士林钻石霜 #身体素颜霜 #情侣日常,2023-04-12 17:00:11,1分29秒,49109,217,728,,https://www.douyin.com/share/video/7221065504763563321?
没想到防晒衣穿起来也能这么好看！！@波司登 太懂夏天了#波司登骄阳防晒衣 #不怕水洗持久防晒,2023-03-24 18:00:57,1分17秒,49086,109,741,,https://www.douyin.com/share/video/7213938675263032610?
抗老好物推荐，在家就能用的奢华美容仪！#gemo金茉奢华美容仪,2023-04-08 12:00:42,3分9秒,48984,439,490,,https://www.douyin.com/share/video/7219275715424881975?
附上试用报告，敏感肌必须要知道的事情！进阶成为健康皮！ #敏感肌 #IPSA自律水乳 #IPSA自律舒缓水乳,2023-02-27 12:04:05,2小时32分40秒,48820,128,751,,https://www.douyin.com/share/video/7204069433457921320?
拜托了，请大数据一定要把这条推给所有的姐妹们！#好物推荐 #女性护理#邦护,2023-03-08 10:00:44,1分31秒,48793,573,1712,,https://www.douyin.com/share/video/7207695868999372093?
一直囤货一直香，谁能不爱啊~#面膜  #补水  #淡纹 #修护  #欧莱雅玻色因安瓶面膜  #38女王节,2023-03-02 14:35:51,1分33秒,48747,795,2256,,https://www.douyin.com/share/video/7205804718625410363?
盛夏神裤合集！下装烦恼的姐妹~这集可以参考哦#dfashion风格企划 #夏季穿搭,2023-03-10 14:55:01,5分30秒,48730,1118,1659,,https://www.douyin.com/share/video/7208807485619064123?
#头饰发饰 #发圈头绳 #高马尾抓夹 #鲨鱼夹 #侧边夹,2023-03-03 06:29:08,15秒,48656,2914,13285,,https://www.douyin.com/share/video/7206079544007118138?
女孩子已经开始内卷#遮阳防晒 了 这个抽绳速干#渔夫帽 防晒颜值双双在线又很#显脸小,2023-03-24 22:20:43,15秒,48529,1084,11919,,https://www.douyin.com/share/video/7214117555168988416?
硬核焊妆喷雾，换季不脱妆有它就够了！#测评  #UD定妆喷雾  #底妆,2023-02-24 20:50:39,2分1秒,48503,526,2603,,https://www.douyin.com/share/video/7203656610919501111?
夏天都来了！身体护理要安排上行程了！用心测评你们放心～#凡士林#凡士林特护身体乳#身体乳,2023-02-28 22:29:07,2分15秒,48346,158,636,,https://www.douyin.com/share/video/7205158108723776806?
啊啊啊！牛仔套装真的太太太太辣辣！快问问闺蜜要不要一起穿！#ootd穿搭 #闺蜜穿搭 #辣妹穿搭,2023-03-01 10:47:09,8秒,48199,4507,9912,,https://www.douyin.com/share/video/7205403869973646629?
一年365天都在用的宝藏洁面！全家人都抢着用！#洁面 #迪奥睡莲洁面 #护肤,2023-03-05 18:00:30,1分39秒,48098,98,770,,https://www.douyin.com/share/video/7205859781716790568?
护发达人带你解锁卡诗自由！还不冲起来！ #卡诗自在瓶 #卡诗自在净屑精华 #去屑洗发水 #卡诗自在系列,2023-02-25 10:32:08,1分32秒,47949,877,1662,,https://www.douyin.com/share/video/7203735202399669508?
我那个对亲密过敏的朋友｜听说每一个女孩子身边都有一个这样帅帅的女生…#女王节 #太真实了,2023-03-06 18:06:57,1分20秒,47925,2648,2296,,https://www.douyin.com/share/video/7207284049742761227?
《雕，陪我去机场》———我主打的就是一个陪伴，各位，要照顾好自己！#帅帅的雕#内容过于真实#欧莱雅男士紧致套装,2023-03-21 17:30:42,2分20秒,47793,2422,2507,,https://www.douyin.com/share/video/7212885518089014586?
用真正好用的护肤品，坚持精简护肤，养出好皮肤！！#养肤神器#护肤#烟酰胺,2023-03-09 16:08:13,37秒,47789,63,4179,,https://www.douyin.com/share/video/7208455291812302092?
春天不就得拥有这条贼拉百搭的小黑裤#西装裤  #高级感穿搭 #显高显瘦显腿长,2023-03-12 11:05:08,8秒,47779,919,9011,,https://www.douyin.com/share/video/7209490382944537913?
🐰#casetify #casetify手机壳 #对镜拍,2023-03-07 19:19:15,16秒,47764,743,2116,,https://www.douyin.com/share/video/7207749332911672632?
男生其实只需要稍微打扮一下就可以很帅#美妆 #男士素颜霜,2023-03-02 15:57:50,25秒,47761,1554,4652,,https://www.douyin.com/share/video/7205854999681813818?
姐妹们，偷偷告诉你们，爱情里的保鲜剂除了相互信任，最重要的是需要生活的情调，学会选对一款狠狠拿捏老公的香水，又高贵又气质，满满的格调，很难让人不爱！怎么闻都闻不够，不信你试试🥰#香……版本过低，升级后可展示全部信息,2023-03-30 20:51:32,34秒,47751,1305,697,,https://www.douyin.com/share/video/7216321098307177760?
一起来参观下我的小小工程～#护肤,2023-03-29 17:00:11,1分19秒,47642,439,1244,,https://www.douyin.com/share/video/7215462532608249140?
5小时暴晒实测！今年第一支户外防晒测评来了！#凡士林小金伞 #硬核防晒 #平价防晒 #户外防晒 #身体防晒,2023-03-04 12:00:35,1分12秒,47560,485,871,,https://www.douyin.com/share/video/7206318858599157053?
有钱没钱的聪明人会选的，低成本高效率王炸一家#精简护肤  #欧莱雅,2023-03-02 17:00:22,1分51秒,47493,506,1273,,https://www.douyin.com/share/video/7205539396156706106?
全网无平替！让UD眼影点亮你的春日出游妆！#UD牛郎色眼影 #UD眼影 #春日妆容,2023-03-04 16:00:30,1分52秒,47488,414,1261,,https://www.douyin.com/share/video/7206287812486827322?
《人油脸不油》#室友#男士护肤#男士洁面,2023-03-05 18:00:31,1分38秒,47487,909,2447,,https://www.douyin.com/share/video/7206167092071091495?
工作996，脸蛋可不能再被cpu，打工人选的水光四象限水乳搭配法，让你轻松拥有水光透嫩肌~#悦薇水乳  #护肤,2023-03-27 17:30:59,1分37秒,47350,898,4793,,https://www.douyin.com/share/video/7211390037940784421?
家人们，卸妆护肤真的不想动，这种走捷径的方法我怎么才发现！#女生#好物分享#种草#prmr芙莉美娜 #芙莉美娜小金蜜,2023-03-05 17:23:45,1分13秒,47350,390,983,,https://www.douyin.com/share/video/7206920967329811751?
我每天脑袋里想的都是：怎么能再白一点～#全身美白#身体乳,2023-03-07 20:50:39,2分58秒,47298,1316,1470,,https://www.douyin.com/share/video/7207766513699261757?
不挑肤色穿搭！夏日粉色系衬衫搭配分享~#高级感穿搭 #又美又飒 #dfashion风格企划,2023-03-18 09:00:00,3分52秒,47290,987,1896,,https://www.douyin.com/share/video/7211479888077917443?
我原本也是手捧真心，但从它屡次不被珍惜之后，就变得无所谓了。@KONO官方旗舰店,2023-04-20 20:08:04,4分40秒,47228,854,1376,,https://www.douyin.com/share/video/7224041338944212280?
为什么妆会脱 我教你们怎么打好底妆 放心的去玩#底妆   #持妆    #柏瑞美定妆喷雾,2023-03-23 20:01:02,2分17秒,47219,5324,3078,,https://www.douyin.com/share/video/7213657439676288312?
谁说胖女孩不能穿幂式穿搭半身裙啊?#显瘦百搭#显高#防走光,2023-03-21 18:00:00,26秒,47155,974,10946,,https://www.douyin.com/share/video/7212813556310445371?
恭喜你，成功击败99%的送礼观众！这套礼盒里子面子全给你赚足！#礼盒#送礼,2023-02-25 18:00:20,2分25秒,47044,120,1015,,https://www.douyin.com/share/video/7203339705713249591?
涂裸色调容易踩雷的姐妹，有“口”福了#兰蔻菁纯裸唇釉 #兰蔻275,2023-03-22 18:00:55,3分8秒,46754,2074,9094,,https://www.douyin.com/share/video/7213232264065338662?
简单三股辫也可以编个甜美的发型#儿童编发 #编发教程,2023-04-03 10:13:59,17秒,46751,1010,8404,,https://www.douyin.com/share/video/7217641125279042849?
9点9 两份 额饰【金色+银色】异域风#簪娘,2023-03-08 17:30:45,10秒,46736,2504,4296,,https://www.douyin.com/share/video/7208105476498722048?
这真的是有点儿东西，感谢它，快三十的我，有幸没有成为油腻男#护肤,2023-02-26 18:48:15,2小时1分17秒,46731,287,973,,https://www.douyin.com/share/video/7204347520334433574?
不会还有人分手了，还记得女朋友的生理期吧？#七度空间萌睡裤   #安睡裤 @七度空间官方旗舰店,2023-04-07 17:00:41,2分43秒,46598,925,7641,,https://www.douyin.com/share/video/7218941467052559671?
#蜜蜡脱毛 #专业男士理发馆 #这家店回头客超多 宁夏大哥，搞笑版全集！,2023-03-15 19:06:30,5分13秒,46531,28071,95090,,https://www.douyin.com/share/video/7210727742973726010?
日常中式怎么穿？淡雅安然  新中式旗袍穿搭分享#dfashion风格企划 #新中式穿搭 #高级感穿搭,2023-04-07 14:18:10,4分29秒,46493,1421,3388,,https://www.douyin.com/share/video/7219188285132786982?
小黄刻意扮丑，疯疯癫癫的形象，背后到底隐藏了多少心酸#疯狂小杨哥直播回放 #红绿灯的黄 #防晒霜 #防晒,2023-03-24 08:20:00,2分1秒,46181,721,2513,,https://www.douyin.com/share/video/7213819452868037943?
所有黄气姐妹看过来，闭眼入不用考虑的精华，必须是它！#38女王节 #精华 #闭眼入,2023-03-04 17:25:12,1分13秒,46178,441,451,,https://www.douyin.com/share/video/7206263950088932663?
不会还有腰细的姐妹，没有这个牵手小熊收腰扣吧，可爱又精致！#收腰神器#仙女必备#收腰纽扣,2023-03-15 22:06:25,9秒,46172,6361,19270,,https://www.douyin.com/share/video/7210774125848038713?
防晒搓泥闷痘？那是因为你防晒没有选对！#新碧小蓝帽 #防晒推荐 #物理防晒 #拯救敏感肌 #曼秀雷敦防晒,2023-03-17 18:01:11,2分6秒,46127,167,802,,https://www.douyin.com/share/video/7208470489428135228?
悟了悟了，原来敏感肌洗脸也要分肤质，难怪之前皮肤越洗越差！#护肤#妮维雅油敏肌洗面奶,2023-02-24 17:01:08,2分20秒,46020,512,3298,,https://www.douyin.com/share/video/7203558002627071270?
头屑吸尘器来啦！去屑就选卡诗自在瓶#卡诗自在瓶 #卡诗自在净屑精华 #去屑洗发水 #头皮精华 #卡诗自在系列,2023-02-25 10:32:48,1分46秒,45936,793,1737,,https://www.douyin.com/share/video/7203751835734215996?
#原神 印象风编织手绳出新角色款啦！快来挑选一条戴着它迎接夏天吧~#雷电将军 #枫原万叶 #胡桃 #魈 #优菈 #阿贝多,2023-03-07 12:08:39,21秒,45932,6076,4404,,https://www.douyin.com/share/video/7207651314891869500?
世界冠军@HXC黄雪辰  的快速出门好物！#花西子小黛伞  省时更省心 #防晒  #底妆,2023-03-14 12:00:01,34秒,45825,188,156,,https://www.douyin.com/share/video/7209966224753593637?
驾车两小时，就为这一口西昌烤全鸡！皮脆肉嫩又多汁，简直太满足了#烤鸡#好好吃饭#Za隔离霜#全国烧烤来上分,2023-04-14 16:50:55,4分7秒,45819,2621,6882,,https://www.douyin.com/share/video/7221756744089816353?
爱是说到做到，而不是空口承诺，大饼吃多了，终究会腻。@墨雪旗舰店 #墨雪洗发水,2023-04-11 20:02:15,4分48秒,45668,678,1593,,https://www.douyin.com/share/video/7220722406019714315?
想拥有人见人夸的网感妆容，得先学会有效定妆 #essence粉饼 #香蕉粉饼 #定妆 #平价粉饼,2023-02-25 18:00:10,1分17秒,45648,327,448,,https://www.douyin.com/share/video/7202124466942463271?
敏感肌那些婆娘们！防晒+养肤要一步到位！#自然堂防晒霜#防晒#自然堂防晒小金伞#好物分享#敏感肌,2023-03-06 19:57:49,1分27秒,45533,292,602,,https://www.douyin.com/share/video/7207384746240888125?
#好看的睡衣都在这里 #少女心#可爱到爆炸💥 三件套来了，尝鲜体验,2023-03-06 08:19:17,5秒,45514,8663,21051,,https://www.douyin.com/share/video/7207221151456709899?
10双袜子够懒人换着穿了，棉的还吸汗，情侣款！薅羊毛啦！#袜子 #哎呦喂你袜子真好看 #很哇塞的袜子 #情侣款 #船袜,2023-03-06 16:31:44,11秒,45408,1045,5001,,https://www.douyin.com/share/video/7207348089105960195?
夏季马甲怎么穿？夏日时髦进阶穿搭分享~#dfashion风格企划 #高级感穿搭 #夏季穿搭,2023-03-31 13:30:34,3分40秒,45316,1086,1695,,https://www.douyin.com/share/video/7216578256106048772?
当代篮球人的消费观，这说的是不是你？#服饰种草官 #运动穿搭 #美式穿搭,2023-04-16 11:31:25,48秒,45300,778,1528,,https://www.douyin.com/share/video/7222485197537709350?
岳麓山暴晒一天实测防晒！想要狂晒不黑晒不伤，看这里！#凡士林小金伞#硬核防晒#平价防晒#户外防晒#身体防晒,2023-03-03 17:01:07,1分50秒,45246,245,1022,,https://www.douyin.com/share/video/7205823723570597175?
“一梳到底”的瀑布发get了，真的有那么丝滑~#第二代欧莱雅护发精油#椰油护发#养发护发,2023-03-09 10:00:30,59秒,45122,230,5036,,https://www.douyin.com/share/video/7208178481325215036?
控油修护一把抓，好学生奖大红花～能力在线的大佬！#热门 #搞笑 #好物种草,2023-03-03 18:00:22,2分44秒,45069,1119,1603,,https://www.douyin.com/share/video/7205780405356694842?
别再乱脱毛了，按姐的来，感受一下啥叫无痛脱毛！#薇婷#抖音电商超级品牌日#脱毛#护肤,2023-03-07 17:30:43,1分44秒,44935,410,8764,,https://www.douyin.com/share/video/7207347274140093757?
不要后悔你做过的每个选择，对与错，都是最好的安排！#迪奥睡莲洁面 #野球帝Courtman#ChaseTheMoment,2023-03-04 12:00:24,2分19秒,44749,603,1227,,https://www.douyin.com/share/video/7205806568049298703?
拍照不求人系列之一个人野餐怎么拍出好看的照片#凡士林身体乳 #凡士林果酸身体乳,2023-04-15 18:00:47,1分23秒,44748,3828,5152,,https://www.douyin.com/share/video/7222141685516537123?
正确涂抹防晒！避开这些误区，这个夏天不晒黑#享自在无惧光#防晒霜,2023-03-12 12:01:00,1分56秒,44737,563,985,,https://www.douyin.com/share/video/7208853491467554051?
花游冠军@HXC黄雪辰  都在用的#定妆 好物#花西子玉养空气蜜粉 ，还不快为自己备一只~,2023-03-14 12:05:01,37秒,44729,174,201,,https://www.douyin.com/share/video/7209966423513255205?
补一次妆等于补一次防晒的粉饼，磨皮控油细腻服帖，姐夸累了。#夏日必备 #定妆,2023-03-18 15:26:04,48秒,44594,3547,6390,,https://www.douyin.com/share/video/7211784200083475712?
卷出新高度！人生必买美容仪就选它！#极萌大熨斗  #极萌射频仪  #美容仪 #种草,2023-03-07 18:30:02,2分3秒,44590,387,621,,https://www.douyin.com/share/video/7207737900836998456?
干皮狂喜！换皮级底妆，防蹭防水防高温，这DW是真能打！#DW粉底液 #谁是持妆大王 #持妆不假妆 #粉底测评,2023-03-10 21:34:36,2分18秒,44525,302,464,,https://www.douyin.com/share/video/7208884411465551142?
这个高级感柔雾底妆逢人必夸，什么叫做越夜越美丽！这就是！#古驰持妆出色现场 #古驰美妆 #古驰玩妆粉底液,2023-02-27 11:00:50,1分31秒,44518,253,1161,,https://www.douyin.com/share/video/7204343461468736828?
替你们试过啦，恢复白白还是有点东西的~#美肤宝小白瓶#光果甘草小白瓶#不怕晒晒不怕,2023-03-06 19:51:19,1分46秒,44493,239,4253,,https://www.douyin.com/share/video/7207383490621590845?
夏季T恤合集！自在闲适  少年感~！#dfashion风格企划 #T恤 #夏季穿搭,2023-03-26 09:00:00,3分41秒,44387,1192,1543,,https://www.douyin.com/share/video/7214413390679133497?
夏季T恤合集！这些都是盛夏天刚需款哦~#dfashion风格企划 #夏季穿搭 #T恤,2023-03-12 09:00:00,5分16秒,44219,1230,1357,,https://www.douyin.com/share/video/7209228106853272870?
自从用了dw，我都不知道脱妆是什么东西！重要场合还得是dw！#雅诗兰黛DW粉底液 #DW粉底液 #谁是持妆大王,2023-02-27 18:00:52,1分55秒,44154,387,1697,,https://www.douyin.com/share/video/7204725917803957504?
sorry咯，腋毛腿毛手毛你们pua不了我了，体毛们，姐自信爆了#护肤 #脱毛膏 #夏日必备,2023-02-24 17:00:45,2小时9分21秒,44090,447,987,,https://www.douyin.com/share/video/7202795323582975269?
这个夏天依旧要做最亮的，冬天没捂白的姐妹赶紧安排上这个#烟酰胺身体乳无忧无虑的穿吊带短裙！#逆袭#变白,2023-03-05 00:08:03,16秒,43969,87,3484,,https://www.douyin.com/share/video/7206723390294527291?
是果冻吗？酵色唇冻你怎么把人家唇膜活干了！,2023-03-01 21:05:14,56秒,43931,1026,9211,,https://www.douyin.com/share/video/7205555172305636608?
女神节礼物来啦#三八女神节礼物 #女神节礼物 #三八节礼物 #送闺蜜,2023-03-03 17:51:18,58秒,43864,14490,6319,,https://www.douyin.com/share/video/7206255341867109671?
理肤泉B5霜！它真的很懂敏皮想要什么！#理肤泉#理肤泉B5修复霜#干敏皮,2023-02-27 16:55:29,1分3秒,43855,794,1758,,https://www.douyin.com/share/video/7204749410373291322?
但凡早点知道这个，也不至于困扰多年,2023-03-27 10:32:33,9秒,43845,36,24235,,https://www.douyin.com/share/video/7215048316675968294?
头发爱出油，是因为你不会洗头#看见闪光她力量 #满婷 #洗发水,2023-02-24 19:10:04,1分12秒,43780,3325,1970,,https://www.douyin.com/share/video/7203576720564309303?
手残必备！新手也能解锁根根分明野生眉！#植村秀砍刀眉笔 #野生眉,2023-02-28 20:16:32,2分39秒,43775,406,1857,,https://www.douyin.com/share/video/7205169067471277315?
终于找到一款扎马尾也好看的#丸子头 #抓夹 了，搭公主裙好美，#蝴蝶结 #头饰发饰 #发型教程,2023-03-29 17:35:28,12秒,43767,839,4822,,https://www.douyin.com/share/video/7215899423795105076?
痘痘反复下不去？一定是忽略了它！#痘痘肌  #护肤  #肆无肌惮清爽不痘留  #雅漾C位精华,2023-04-04 20:52:05,1分27秒,43759,270,2146,,https://www.douyin.com/share/video/7218154971857046822?
百元定妆喷雾哪家强，请大数据把我推给要买定妆喷雾的美女！！！#测评#红黑榜#植村秀小黑胶定妆喷雾#定妆喷雾,2023-02-22 18:48:04,2分44秒,43744,311,676,,https://www.douyin.com/share/video/7202897659777092919?
熬夜脸有救了！！赶走松垮！嫩出新高度！兰蔻菁纯面霜！还得是你！#兰蔻菁纯面霜#抗老#兰蔻,2023-04-16 17:00:48,1分39秒,43731,535,2289,,https://www.douyin.com/share/video/7222286990736231717?
视频中相关内容在@海飞丝头皮护理官方号直播中，呀！支楞起来了！这条赶紧推给100个细软塌油头姐妹！#海飞丝海藻洗发水 #洗发水,2023-02-23 22:04:26,1分47秒,43695,337,1214,,https://www.douyin.com/share/video/7203314289149594891?
油皮会超满意的防晒！我先冲了！太爱了#欧莱雅小银管#防晒#好物分享,2023-03-06 20:57:45,2分40秒,43688,360,1238,,https://www.douyin.com/share/video/7207402427501399300?
视频中相关内容在@海飞丝头皮护理官方号直播中，油扁塌没关系，我会出手！温和控油的洗发水来咯~ #海飞丝海藻洗发水 #控油洗发水#海飞丝,2023-02-23 18:00:15,1分28秒,43667,239,367,,https://www.douyin.com/share/video/7202491002890784038?
看似一个快递都不是我的，但老婆是我的，所以快递也都是我的。#情侣日常#拆快递,2023-02-25 12:01:57,1分49秒,43632,1705,6017,,https://www.douyin.com/share/video/7203756029522300172?
#飞织网面鞋 #男鞋推荐 #跑步鞋 #透气舒适 听我的真的很舒服,2023-03-20 20:37:59,13秒,43516,670,10841,,https://www.douyin.com/share/video/7212606761545501964?
不信百元买奢牌，我被欧莱雅啪啪打脸#38节买什么 #抖音38女王节 #抗老精华,2023-03-08 12:44:38,1分36秒,43505,509,1589,,https://www.douyin.com/share/video/7208012728688987452?
补水控油都想搞定？臣妾这里有一计~#油皮 #补水 #面霜 #科颜氏果冻面霜,2023-04-02 17:00:15,1分17秒,43473,285,547,,https://www.douyin.com/share/video/7216598462047980858?
老板故意针对员工，居然是因为……#欧莱雅20霜,2023-04-06 17:40:05,3分4秒,43399,388,1698,,https://www.douyin.com/share/video/7218850047046307127?
我们都是彼此最偏爱的小孩 但他也值得自己专属的礼物🎁 #水动力水乳 #碧欧泉男士 #碧欧泉水动力,2023-02-26 18:00:54,1分7秒,43302,1211,2808,,https://www.douyin.com/share/video/7204322042735250722?
完美主义护发挑剔者的心动之选，哪个幸运儿啊？……#希思黎睿秀 #钛黑瓶 #护发如护肤 #头发 #护发养发,2023-03-10 17:00:29,1分48秒,43182,137,927,,https://www.douyin.com/share/video/7208553610597240098?
女生#春夏 出门别忘戴一顶#遮阳帽 ！孤形帽檐很修饰脸型！#渔夫帽 #穿搭 #帽子,2023-03-06 20:43:39,15秒,43156,1094,9104,,https://www.douyin.com/share/video/7207413024976571704?
防晒肤感全拿捏，小银管你别太卷呐！#防晒霜 #欧莱雅小银管 #油皮防晒,2023-02-28 18:40:54,2小时16分56秒,43155,217,1215,,https://www.douyin.com/share/video/7205108197403659581?
28天真实打卡测评，亮亮 紧致毛孔 淡纹 修护 竟然一瓶都行！#烟酰胺 #三抗一护 #宝拉绝绝紫精华,2023-02-26 18:04:52,1分15秒,43137,192,6486,,https://www.douyin.com/share/video/7204363472681831738?
维持美丽的小秘密 #HBN早C晚A,2023-03-21 18:34:46,1分38秒,43102,509,2534,,https://www.douyin.com/share/video/7212902559734877480?
分享女艺人化妆间里的小秘密 #拍摄花絮 #御泥坊微800精华#护肤,2023-03-04 18:01:10,1分51秒,43072,1230,223,,https://www.douyin.com/share/video/7206533420938267939?
100棉棉T12.99太便宜了姐妹们,2023-03-07 09:35:34,38秒,42988,1318,4023,,https://www.douyin.com/share/video/7207611927026060581?
这外套太好看了，老公穿一周都舍不得脱，百搭显瘦显年轻，不挑年龄身材！#男装 #夹克外套 #衬衫,2023-03-24 21:48:05,17秒,42941,414,7850,,https://www.douyin.com/share/video/7214109149464988960?
高腰收腹，不紧不勒不卷边#高腰收腹提臀裤 #穿出自信穿出美丽 #大码女装,2023-03-20 01:07:04,48秒,42828,96343,335041,,https://www.douyin.com/share/video/7212304866700430596?
蓬松，显发量，颅顶增高，显脸小！10分钟快速卷发教程，宝妈也能轻松拿捏少女氛围！！#卷发教程 #VODANA卷发棒,2023-03-03 17:01:15,1分35秒,42821,280,556,,https://www.douyin.com/share/video/7205834416956984632?
登门拜访001|最早批出道的美妆博主认真少女_颜九，新家大公开！什么限量盲盒要卖5000+啊？！#探家 #美妆,2023-03-17 18:01:15,2分44秒,42753,875,605,,https://www.douyin.com/share/video/7211389533919743291?
好好洗脸真的很重要！最近很火的山茶花洗面奶它到底好不好用？？#测评 #洁面慕斯 #洗脸奶,2023-04-09 14:28:22,48秒,42744,655,1052,,https://www.douyin.com/share/video/7219933204176768316?
哪个美少女唇周还是一嘴毛啊？！这样涂口红真的不好看！！#脱唇毛 #脱毛,2023-03-10 14:13:52,15秒,42713,3776,3239,,https://www.douyin.com/share/video/7208796893751643448?
一次两毛，洗出一千人羡慕的高颅顶？！#油头 #控油蓬松 #高颅顶@KONO官方旗舰店,2023-03-29 16:30:58,1分44秒,42583,221,1246,,https://www.douyin.com/share/video/7215830604464573751?
闭口反复、上妆卡粉？快试它，嫩回初恋脸！#变美#面膜#brlab双酸面膜,2023-03-06 17:00:31,1分38秒,42496,144,998,,https://www.douyin.com/share/video/7205455086489799992?
#蜜蜡脱毛 #这家店回头客超多 #专业男士理发馆  大叔说：这体验感足足的，满意而归！,2023-03-21 18:53:28,1分10秒,42330,24684,116124,,https://www.douyin.com/share/video/7212950906088770877?
夏天想出去玩儿又怕晒黑？无所谓，它会出手！#防晒 #欧莱雅小金管,2023-03-16 17:01:16,1分43秒,42299,377,2259,,https://www.douyin.com/share/video/7211013226220244280?
遇到贴贴霜！卡粉斑驳都得靠边站！！#底妆 #妆前 #好物分享,2023-04-04 09:00:00,1分55秒,42259,1312,3455,,https://www.douyin.com/share/video/7217747625129282871?
#我要上热门 早春衣柜里怎么能少得了一件#螺纹背心 呢，不管单穿还是搭配外套都很好看～关键百搭，显瘦还遮肉肉#谁穿谁好看 #穿搭 #面料柔软舒适 @DOU+小助手 @DOU+上热门,2023-03-01 16:02:39,17秒,42236,2377,9537,,https://www.douyin.com/share/video/7205485143178480928?
它真的牢牢把维稳修护这块给拿捏住了#法国希思黎会员节#全能乳液升级版#希思黎全能乳液,2023-04-06 17:00:09,1分31秒,42236,308,1844,,https://www.douyin.com/share/video/7218136261083630904?
《省钱之道》#染发欧莱雅精油染#染发,2023-03-03 17:54:42,1分43秒,42224,592,563,,https://www.douyin.com/share/video/7206226284366597409?
嘶哈嘶哈#穿搭 #绫天生丝滑,2023-04-02 21:56:59,9秒,42209,395,4105,,https://www.douyin.com/share/video/7217451204526312736?
"姐妹们,这瓶粉底液真的有点东西!doll感妆容全靠它#DW粉底液#谁是持妆大王#持妆不假妆#杨幂仿妆",2023-02-24 20:18:18,2分26秒,42176,584,1006,,https://www.douyin.com/share/video/7203669316846374159?
一盘搞定全脸瑕疵还不用调色，这个遮瑕我真的服了！ #tfit遮瑕  #测评  #遮瑕神器,2023-03-10 17:30:55,1分15秒,42155,148,650,,https://www.douyin.com/share/video/7208469363022662949?
为了测这支防晒，我竟然赚了2万！！？？#曼秀雷敦金装新碧小金帽#防晒#种草,2023-03-07 18:01:38,1分51秒,42147,617,1195,,https://www.douyin.com/share/video/7207701472635686203?
《满分遮瑕手法拆解》——换个遮瑕 #PL看不见遮瑕,2023-03-16 20:00:14,2分49秒,42119,6971,5720,,https://www.douyin.com/share/video/7210615846996184381?
这种自在的快乐谁懂啊！有了它，我真的能睡一个好觉了。#自在少女感#七度空间萌睡裤#安睡裤@七度空间官方旗舰店,2023-02-28 20:28:46,1分25秒,41996,223,9491,,https://www.douyin.com/share/video/7205146802805443898?
想要看起来年轻，把紫外线都给我防死了！#防晒#兰蔻小白管,2023-03-03 17:01:34,1分51秒,41980,958,3487,,https://www.douyin.com/share/video/7205802620273954107?
建议所有姐妹都来试试这个狐系 #假睫毛 简直打开我新视界的大门，新中式妆容吊系狐狸眼这不就来啦 #眼妆 #平价,2023-04-20 12:08:42,25秒,41913,2079,14098,,https://www.douyin.com/share/video/7223979137101303077?
猕猴桃女孩快来报道！就这小玩意儿一涂一抹一擦，毛毛就没了#脱毛 #acemiss脱毛膏,2023-03-29 11:00:56,39秒,41820,1202,5184,,https://www.douyin.com/share/video/7215549928800636220?
海飞丝又整新活？这次可是王炸！#海飞丝专研 #海飞丝 #洗发水 #去屑,2023-03-08 16:00:19,1分21秒,41799,713,2437,,https://www.douyin.com/share/video/7207733741488262437?
有些国货表面老实卖鱼，背地里早就手握sci研发小紫瓶了… #自然堂小紫瓶,2023-02-27 19:30:34,1分26秒,41778,647,864,,https://www.douyin.com/share/video/7204717486632209722?
毛毛星人也能拥有牛奶肌，一刮就没！脱毛原来这么简单！！！#脱毛 #刮毛刀 #吉列维纳斯芦荟刀 #种草,2023-04-08 20:27:27,1分9秒,41718,81,529,,https://www.douyin.com/share/video/7219635246784990501?
发量秘籍，给你的秃头闺蜜来一份！#欧莱雅生姜洗发水 #护发 #头发比心 #秃头女孩,2023-03-05 17:01:03,1分8秒,41669,100,546,,https://www.douyin.com/share/video/7206734263436201277?
为什么不让前夫哥给大宝买房。今天我来告诉你们为什么,2023-03-12 12:17:49,3分35秒,41654,1634,356,,https://www.douyin.com/share/video/7209509175452273975?
水乳买对不买贵！保湿水乳大哥大还得是它！轻轻松松get水光肌！#水乳推荐 #护肤 #好物分享 #肌研水乳,2023-02-23 17:00:25,1分19秒,41642,193,898,,https://www.douyin.com/share/video/7202539722600680763?
卡其色系耐看又显白,2023-03-21 21:19:02,6秒,41499,3331,9957,,https://www.douyin.com/share/video/7212988425429880125?
怪不得00后闺蜜喜欢穿月子袜，这糯叽叽的感觉真的太舒服啊！！#月子袜 #无骨袜 #袜子 #ootd穿搭 #谁穿谁好看,2023-03-01 09:46:09,10秒,41467,832,5827,,https://www.douyin.com/share/video/7205388126569778444?
这是底妆还是胶水? 咋给我焊脸上了? ? #胶水底妆 #不脱妆,2023-03-07 17:00:36,1分47秒,41455,1540,4403,,https://www.douyin.com/share/video/7207630882721598776?
吊带和海边就是顶配！做好身体护理，大胆的露胳膊露腿真的很美~#妮维雅双管身体精华#身体护理#夏日好物,2023-03-05 17:01:10,1分39秒,41423,268,1061,,https://www.douyin.com/share/video/7206699375245004092?
这短袖T桖真心好穿！上身真的很显瘦！面料柔软适中！单穿或者打底都很好看！！姐妹们快冲！#内搭外穿都好看 #百搭爆款 #开春搭配,2023-03-15 10:49:18,9秒,41307,1990,5261,,https://www.douyin.com/share/video/7210599606248328451?
3分钟get顺滑瀑布发，能教一个是一个！在家做沙龙级头发护理是真的香！#欧莱雅黄金发膜 #发膜推荐 #护发,2023-03-02 17:00:10,1分55秒,41295,332,1895,,https://www.douyin.com/share/video/7204835824754658619?
防晒值高颜值也高！@波司登 不愧是大哥！  #波司登骄阳防晒衣 #不怕水洗持久防晒,2023-03-24 16:00:06,1分19秒,41283,322,868,,https://www.douyin.com/share/video/7212889971668176189?
39.9就能拿下3支嫩妹唇釉！不要太值好吗！#唯姿唇釉 #口红试色,2023-03-08 17:49:25,54秒,41282,1268,3714,,https://www.douyin.com/share/video/7208110296894901519?
敏肌烂脸急救，请你24小时内一定给它一个机会！#修护#好物推荐#理肤泉 #理肤泉b5修复霜,2023-03-01 19:33:06,2小时21分12秒,41281,151,1184,,https://www.douyin.com/share/video/7205526309496311092?
谁说我不会跳舞。今天我就把我的才艺展示给你看看,2023-03-30 06:01:43,1分27秒,41264,4545,512,,https://www.douyin.com/share/video/7216091725255773500?
又大又快又猛!懒人新手都友好！美容仪再也不闲置了#一熨上扬极速周到 #周冬雨同款极萌美容仪 #极萌大熨斗美容仪,2023-04-07 18:01:08,3分13秒,41253,1089,1501,,https://www.douyin.com/share/video/7219197679908195642?
女神节有效送礼，直接打在她的心巴上~#自然堂粉钻玫瑰#护肤#抗老#太空育种玫瑰,2023-03-01 17:00:17,1分7秒,41198,810,831,,https://www.douyin.com/share/video/7204738406956535074?
你要一直做我的月亮，做那个照亮我的人。#膜法世家纱布面膜 #水杨酸面膜,2023-03-16 17:00:13,2分38秒,41194,379,1205,,https://www.douyin.com/share/video/7210292103115590969?
男生也能瞬间精致，告别厚重“毛裤”！这个夏天的清爽是TA带来的～#薇婷男士专用脱毛膏 #脱毛膏 #薇婷,2023-04-17 17:01:14,1分23秒,41159,133,979,,https://www.douyin.com/share/video/7222895576487136523?
肤感好还能抗老，这防晒空瓶了这么多，好不好用还用我说？#兰蔻小白管 #防晒,2023-03-21 17:00:42,1分53秒,41107,176,5314,,https://www.douyin.com/share/video/7212867940343876925?
为什么越来越多的人支持国货？@墨雪旗舰店  #财经林妹妹,2023-03-26 18:00:15,3分18秒,41099,2520,2298,,https://www.douyin.com/share/video/7214764403822955810?
准宝妈的小妙招，提前上车不怕产后头顶焦虑 #欧莱雅生姜洗发水 #护发,2023-03-05 22:04:15,53秒,41070,101,543,,https://www.douyin.com/share/video/7207053991404997922?
啥裙子胖女生穿了直呼绝绝子,2023-03-20 19:40:00,28秒,41062,1046,8526,,https://www.douyin.com/share/video/7212436730484395323?
不用化妆品 男生也能实现一键换脸！#护肤 #男生护肤,2023-03-29 17:00:01,1分24秒,40952,160,226,,https://www.douyin.com/share/video/7214328722575363360?
视频里是小号哦#这也太可爱了吧 #一件也是批发价 #包包推荐 #是时候安排一下了,2023-04-11 11:49:55,24秒,40932,10783,18483,,https://www.douyin.com/share/video/7220634540740545853?
原来这就是年入千万女人身上的味道！#香氛身体乳 #香水 #丝芙格芮,2023-02-25 18:00:39,1分58秒,40912,517,1105,,https://www.douyin.com/share/video/7203925464577035581?
痘痘遇上它那都得麻溜收拾包袱撤！#祛痘#丝菲兰斯#护肤,2023-03-13 11:13:43,1分27秒,40857,477,690,,https://www.douyin.com/share/video/7209504849803676983?
宇宙无敌大波浪人设～ #坏女人 #韩式卷发#vodana,2023-03-03 17:01:31,2分50秒,40794,412,1132,,https://www.douyin.com/share/video/7206204791733685504?
大表姐来给小姑子拿的裤子，小姑子表示开心的很呐😄@抖音小助手,2023-03-31 12:36:34,27秒,40770,1851,505,,https://www.douyin.com/share/video/7216564635334380840?
换季用#旁氏米粹洁面泡泡 让毛孔畅享米粹泡泡浴！#旁氏米粹洗面奶#米粹泡泡浴#干敏皮洁面#三八女王节,2023-03-02 18:01:12,1分44秒,40756,170,418,,https://www.douyin.com/share/video/7205767789188107572?
#妮维雅双管身体精华 维稳、嫩滑双管齐下！像护理脸蛋一样护理身体！！#妮维雅,2023-03-03 18:00:11,1分33秒,40746,484,342,,https://www.douyin.com/share/video/7205801458544037181?
果然能打败欧莱雅的只有欧莱雅！#护肤 #精华推荐,2023-03-03 19:10:35,1分20秒,40720,159,5289,,https://www.douyin.com/share/video/7206250530904034560?
今天在仓库发现了好多好的产品，于是我赶紧去找李总，虽然谈判的过程很艰辛，但是为了大家能用到好的，再累我都认为是值得的#仓库实拍 #好物推荐🔥,2023-03-27 18:21:49,2分15秒,40709,2062,1376,,https://www.douyin.com/share/video/7215169241928961292?
但凡早点知道这个，也不至于困扰孩子这么多年,2023-04-14 13:03:49,9秒,40645,35,20845,,https://www.douyin.com/share/video/7221751206698388797?
三招美白经验！今年夏天偷偷变白惊艳所有人#美白#好物种草#美肤宝小白瓶#光果甘草小白瓶#不怕晒晒不怕,2023-03-05 18:57:09,1分57秒,40635,695,2356,,https://www.douyin.com/share/video/7206987069011348739?
1份钱搞定早C晚A，效果大伙直接看！#精简护肤 #早c晚a,2023-03-22 15:08:05,1分42秒,40578,4906,2543,,https://www.douyin.com/share/video/7212833754606308660?
推两年了！如果夏天让我去户外只带一只防晒，那必然是这个#防晒 #变美 #测评 #兰蔻小白管,2023-03-29 19:09:22,1分45秒,40568,349,1118,,https://www.douyin.com/share/video/7215884653050203432?
美妆博主和品牌爸爸的battle有多卷？943的新品防晒这次太过分了！#943沁爽轻薄防晒乳 #种草,2023-03-07 11:00:04,1分20秒,40533,268,1349,,https://www.douyin.com/share/video/7207269123003256120?
沉浸式感受下网红的秘密...我是交代了！造福我的博主生涯！！！#好物#薇婷#薇婷脱毛膏#抖音电商超级品牌日,2023-03-09 19:43:40,1分26秒,40502,124,6384,,https://www.douyin.com/share/video/7208488148366642489?
这个毛茸茸的星星发夹也太可爱了吧～哪个女孩子会不喜欢呀#这也太可爱了吧 #星星发夹 #头饰发饰,2023-03-08 13:42:42,10秒,40477,8810,15090,,https://www.douyin.com/share/video/7208046715692125480?
三支撩人无形的纳西索香水分享，喷上就是气质女神！#纳西索新香上市 #纳西索烟粉瓶 #高颜值香水推荐 #宝藏气质香 #纳西索斩男香,2023-03-10 22:29:23,1分54秒,40461,365,1837,,https://www.douyin.com/share/video/7208919120027323705?
这算抗衰成功了吗？在家花个几分钟让小脸变紧致！！#抗老 #TriPollar初普 #初普奇迹S #射频仪,2023-03-20 16:37:15,2分52秒,40458,246,1046,,https://www.douyin.com/share/video/7212531831244082490?
不爱洗头的姐妹头皮吸尘器了解一下，这个夏日清爽美女我做定了！！！#洗发水 #去屑 #征服小胶蓝,2023-03-18 12:00:17,1分19秒,40419,419,3675,,https://www.douyin.com/share/video/7211517487421099322?
超级冰爽！夏凉裤推荐~还没选到夏天裤子的姐妹 码住这集！#dfashion风格企划 #夏季穿搭 #ootd穿搭,2023-04-15 09:00:00,4分58秒,40387,1207,1154,,https://www.douyin.com/share/video/7221887206561008934?
狼系男友vs奶系男友，没关系我都会出手 #迪奥睡莲洁面,2023-03-08 18:00:42,31秒,40325,1384,3569,,https://www.douyin.com/share/video/7208080882513530170?
晚上回家妆面好看到有点舍不得卸，反向去要的粉底液#嘉利玛 #粉底液 #油皮 #持妆,2023-02-24 19:04:22,1小时57分50秒,40303,2238,3830,,https://www.douyin.com/share/video/7203649416622771516?
没想到#00后 也要开始用这玩意儿了，老国货真的没有让我失望………#痘痘黑头粉刺拜拜 #闭口粉刺 #毛孔粗大 #只要青春不要痘,2023-03-21 12:11:37,16秒,40291,3242,4985,,https://www.douyin.com/share/video/7212847341471124795?
油痘肌的姐妹看过来，承包你们任何时期的水乳，这一套就够了！,2023-04-09 17:00:25,3分20秒,40256,610,723,,https://www.douyin.com/share/video/7219624667550633273?
走降维打击的路，让别人无路可走  #护肤#抗老#欧莱雅,2023-03-07 21:24:07,1分14秒,40180,304,251,,https://www.douyin.com/share/video/7207778589360688388?
