标签,用户ID,头像下载url,评论数量,粉丝数量,视频播放量
儿童教育,60405319796,https://p3.douyinpic.com/aweme/1080x1080/aweme-avatar/tos-cn-avt-0015_09bd07ced99fed04b4bd943a59a2636a.webp?from=116350172,32633,642057,1029891
儿童教育,1336596696402535,https://p3.douyinpic.com/aweme/1080x1080/aweme-avatar/tos-cn-avt-0015_04c65b270144a57cf90377a413f9a4ac.webp?from=116350172,23101,3877657,479768
儿童教育,4054599110498355,https://p3.douyinpic.com/aweme/1080x1080/aweme-avatar/tos-cn-avt-0015_781f0d33c0d9fb36c323a79d5227a132.webp?from=116350172,9771,2636767,908816
儿童教育,4054599110498355,https://p3.douyinpic.com/aweme/1080x1080/aweme-avatar/tos-cn-avt-0015_781f0d33c0d9fb36c323a79d5227a132.webp?from=116350172,7428,2636767,837791
儿童教育,1336596696402535,https://p3.douyinpic.com/aweme/1080x1080/aweme-avatar/tos-cn-avt-0015_04c65b270144a57cf90377a413f9a4ac.webp?from=116350172,4893,3877657,111208
儿童教育,1847638239741102,https://p3.douyinpic.com/aweme/1080x1080/aweme-avatar/tos-cn-avt-0015_77aa1614075c99a74378a8c95d997eec.webp?from=116350172,1621,286010,50770
儿童教育,857220757852286,https://p3.douyinpic.com/aweme/1080x1080/aweme-avatar/tos-cn-i-0813_677b4965bcbc48788a71d9c1d47b2231.webp?from=116350172,965,1341913,95496
儿童教育,62309993235,https://p3.douyinpic.com/aweme/1080x1080/aweme-avatar/tos-cn-avt-0015_bd524a83a513383a0a3aca3e46eb1630.webp?from=116350172,900,2109447,51122
儿童教育,97211373660,https://p3.douyinpic.com/aweme/1080x1080/aweme-avatar/tos-cn-avt-0015_0d8a134fd6674453a7dec7d754eff2b2.webp?from=116350172,484,488985,12336
儿童教育,650552071162208,https://p3.douyinpic.com/aweme/1080x1080/aweme-avatar/tos-cn-avt-0015_c75d67abdef457d00dab227bcfb95187.webp?from=116350172,161,200107,97050
儿童教育,857220757852286,https://p3.douyinpic.com/aweme/1080x1080/aweme-avatar/tos-cn-i-0813_677b4965bcbc48788a71d9c1d47b2231.webp?from=116350172,42,1341913,1384
老年教育,108367520356,https://p3.douyinpic.com/aweme/1080x1080/aweme-avatar/mosaic-legacy_1c9fb0000c23b0a50dfbd.webp?from=116350172,15427,3869196,252141
老年教育,108367520356,https://p3.douyinpic.com/aweme/1080x1080/aweme-avatar/mosaic-legacy_1c9fb0000c23b0a50dfbd.webp?from=116350172,13889,3869196,217135
老年教育,101816041854,https://p3.douyinpic.com/aweme/1080x1080/aweme-avatar/tos-cn-avt-0015_1e0cf812be5c2c9312826e597326412b.webp?from=116350172,3042,3688904,112328
老年教育,95727421255,https://p3.douyinpic.com/aweme/1080x1080/aweme-avatar/tos-cn-avt-0015_8ff09704b2ffa1326034691b1bfe4f57.webp?from=116350172,1069,2607253,38044
老年教育,3593641500881790,https://p3.douyinpic.com/aweme/1080x1080/aweme-avatar/douyin-user-image-file_15711b2e1c66a9fbdc09f3ae7969bf35.webp?from=116350172,10,2144,181
